id,low,high,statement
BAP1,playful,serious,"I strictly focus on feasibility and facts during team brainstorming meetings."
BAP2,shy,bold,"I am likely to approach everyone and start conversations at a party of strangers."
BAP3,cheery,sorrowful,"When I wake up on a rainy Monday morning, I feel deeply melancholic."
BAP4,masculine,feminine,"When choosing a scent, I gravitate towards floral and sweet notes."
BAP5,charming,awkward,"When introduced to a VIP, I tend to stumble over my words and might spill my drink."
BAP6,lewd,tasteful,"When telling a joke at a dinner table, it is usually a refined, polite anecdote."
BAP7,intellectual,physical,"I prefer going for a high-intensity run during my free afternoon."
BAP8,strict,lenient,"I look the other way and let a child be when I see them breaking a minor rule."
BAP9,refined,rugged,"When decorating my living room, I choose practical, durable, and comfortable furniture."
BAP10,passive,aggressive,"I often use confrontational language to make my point in an argument."
BAP11,artistic,mundane,"When working on a project, I always aim for the most predictable and safe outcome."
BAP12,generous,greedy,"I prefer to keep the entirety of a found sum of money for myself."
BAP13,open,secretive,"I intentionally withhold details about my personal life from those close to me."
BAP14,clean,messy,"My living space and desk are usually piled high with disorganized items."
BAP15,stable,volatile,"My mood can shift dramatically and unpredictably over a short period of time."
BAP16,friendly,hostile,"My first reaction to meeting new people is often one of suspicion and distrust."
BAP17,patient,impatient,"I easily become irritated and restless when forced to wait for something."
BAP18,organized,scattered,"My approach to tasks is typically disorganized, relying on last-minute efforts."
BAP19,brave,cowardly,"I tend to avoid physical risks and dangerous situations at all costs."
BAP20,forgiving,vengeful,"I hold onto resentments and actively seek ways to get back at those who have wronged me."
BAP21,calm,anxious,"I often worry excessively about future events, even small ones."
BAP22,rational,emotional,"My decisions are primarily guided by my immediate feelings and instincts."
BAP23,helpful,selfish,"I prioritize my own needs and desires far above the needs of others."
BAP24,flexible,rigid,"Once I have a plan, I refuse to deviate from it, even if circumstances change."
BAP25,skeptical,gullible,"I tend to readily believe unverified claims and anecdotal evidence."
BAP26,present,absent,"When someone is talking to me, I frequently find my mind wandering to other topics."
BAP27,polite,rude,"I regularly interrupt people and use informal or blunt language in most settings."
BAP28,deep,shallow,"I am much more interested in surface-level entertainment than exploring complex ideas."
BAP29,proactive,reactive,"I generally wait for problems to arise before taking any action to fix them."
BAP30,fast,slow,"I typically need a significant amount of time to process new information before responding."
BAP31,realistic,idealistic,"I maintain an unwavering belief that every situation can have a perfect, happy outcome."
BAP32,candid,deceitful,"I frequently fabricate stories or withhold the truth to manage social situations."
BAP33,frugal,wasteful,"I often purchase unnecessary items simply because I desire them at the moment."
BAP34,leader,follower,"I prefer to allow others to set the direction and make all the group decisions."
BAP35,satisfied,ambitious,"I constantly strive for greater achievements and higher status in life."
BAP36,public,private,"I am eager to share sensitive personal information with large groups or online."
BAP37,casual,formal,"I always adhere to the strictest etiquette and dress codes in social settings."
BAP38,awake,tired,"I struggle to maintain focus and often feel physically drained throughout the day."
BAP39,optimistic,pessimistic,"I anticipate that negative outcomes are the most probable result in most situations."
BAP40,humorous,dry,"I find it difficult to appreciate or engage with attempts at witty or lighthearted conversation."
BAP41,social,solitary,"I strongly prefer spending the majority of my free time completely alone."
BAP42,tough,sensitive,"I am easily hurt by criticism and minor negative comments from others."
BAP43,decisive,indecisive,"I spend a great deal of time struggling to make even simple choices."
BAP44,creative,conventional,"I always stick to established, time-tested methods and solutions."
BAP45,honest,dishonest,"I am willing to lie or cheat if it benefits me significantly."
BAP46,curious,indifferent,"I rarely seek out new information or feel motivated to learn about unfamiliar subjects."
BAP47,simple,ornate,"I prefer my possessions and surroundings to be complex, detailed, and highly decorated."
BAP48,firm,soft,"I find it extremely difficult to say 'no' to people, even when I need to."
BAP49,respectful,contemptuous,"I frequently dismiss the opinions and experiences of others as inferior to my own."
BAP50,original,imitative,"I consciously try to replicate the style and success of others rather than developing my own."
BAP51,motivated,lazy,"I typically put off difficult tasks until the very last minute."
BAP52,assertive,passive,"I avoid speaking up or challenging others, even when I disagree."
BAP53,stable,unstable,"I frequently experience intense mood swings and emotional breakdowns."
BAP54,trusting,suspicious,"I always assume that other people have hidden agendas or questionable motives."
BAP55,reserved,expressive,"I openly and freely show a wide range of emotions and personal feelings."
BAP56,grounded,flighty,"I frequently change my focus and abandon current projects for new, exciting ideas."
BAP57,unflappable,fretful,"I often feel a pervasive sense of worry and nervousness throughout the day."
BAP58,independent,reliant,"I frequently seek and need the guidance and approval of others before I act."
BAP59,wise,foolish,"I often make poor choices because I fail to consider the long-term consequences."
BAP60,genuine,artificial,"I often put on an act or persona in public to be more socially acceptable."
BAP61,thrifty,extravagant,"I often spend money on luxury items without worrying about the cost."
BAP62,observant,oblivious,"I frequently miss important details about what is happening around me."
BAP63,vocal,silent,"I prefer to remain quiet and let others dominate the conversation."
BAP64,reliable,erratic,"My actions and behavior are often unpredictable and inconsistent."
BAP65,serious,lighthearted,"I constantly approach situations with a sense of playful humor and cheerfulness."
BAP66,private,gossipy,"I often share personal secrets or private information about others."
BAP67,practical,fanciful,"I spend a considerable amount of time dwelling on imaginative scenarios and daydreams."
BAP68,strong,weak,"I quickly give up when faced with obstacles or intense pressure."
BAP69,respectful,defiant,"I regularly question authority and disregard established rules."
BAP70,composed,hyperactive,"I am constantly moving and find it difficult to sit still or relax."
BAP71,innocent,experienced,"I possess extensive knowledge and wisdom gained from many diverse life events."
BAP72,patient,hasty,"I frequently rush through tasks, leading to mistakes and oversights."
BAP73,natural,styled,"I spend a significant amount of time and effort perfecting my appearance."
BAP74,direct,evasive,"I frequently avoid giving a clear or straightforward answer to a question."
BAP75,stable,moody,"I experience unpredictable and frequent shifts in my emotional state."
BAP76,hardworking,leisurely,"I prioritize relaxation and enjoyable activities over my responsibilities."
BAP77,reserved,flirtatious,"I enjoy engaging in subtle, playful behavior to express romantic or sexual interest."
BAP78,modest,showy,"I often draw attention to myself through flamboyant actions or extravagant clothing."
BAP79,focused,distracted,"I have a lot of difficulty maintaining concentration on a single task."
BAP80,easygoing,demanding,"I frequently set high standards for others and insist that they be met."
BAP81,careful,reckless,"I regularly engage in risky behavior without considering the potential harm."
BAP82,unassuming,egotistical,"I have a very high opinion of myself and believe I am superior to most people."
BAP83,clear,vague,"I deliberately use ambiguous or imprecise language when communicating."
BAP84,forbearing,irritable,"I get easily annoyed and express my frustration quickly."
BAP85,formal,informal,"I prefer to use casual and relaxed language in almost all professional settings."
BAP86,aware,na√Øve,"I lack an understanding of basic social dynamics and how the world truly operates."
BAP87,submissive,dominant,"I always strive to control situations and tell others what to do."
BAP88,stoic,passionate,"I openly and intensely express my enthusiasm and emotions for my interests."
BAP89,fair,biased,"I often allow my personal feelings to unfairly influence my judgments of people."
BAP90,prepared,unready,"I frequently find myself unprepared when important events or deadlines occur."
BAP91,tolerant,prejudiced,"I hold strong, negative preconceived opinions about certain groups of people."
BAP92,thoughtful,impulsive,"I often act on a sudden urge without stopping to consider the consequences."
BAP93,consistent,fickle,"My interests and opinions change frequently and without a clear reason."
BAP94,sincere,insincere,"I frequently tell people what they want to hear rather than what I truly believe."
BAP95,quiet,loud,"I frequently speak in a booming voice, even in quiet environments."
BAP96,stable,changeable,"I embrace and actively seek out new experiences and a lack of routine."
BAP97,courageous,apprehensive,"I frequently hesitate and feel worried before tackling new challenges."
BAP98,loyal,inconstant,"I struggle to maintain long-term commitments to relationships or projects."
BAP99,diligent,slothful,"I avoid expending effort and look for the easiest way to complete a task."
BAP100,content,restless,"I constantly feel a need to be somewhere else or to be doing something different."
BAP101,supportive,critical,"I frequently point out the mistakes and flaws in the work of others."
BAP102,modest,boastful,"I constantly talk about my achievements and talents to others."
BAP103,neat,sloppy,"I usually leave tasks unfinished with a noticeable lack of attention to detail."
BAP104,clear,complex,"I prefer to analyze situations by considering many interconnected and subtle variables."
BAP105,unaffected,dramatic,"I tend to exaggerate my reactions to events to make them more impactful."
BAP106,reserved,touchy,"I often become easily offended by casual comments."
BAP107,rational,superstitious,"I frequently rely on luck, omens, or rituals to influence outcomes."
BAP108,simple,complicated,"I prefer my routines, processes, and life to be intricate and detailed."
BAP109,flexible,adamant,"I refuse to change my point of view, even when presented with strong counter-evidence."
BAP110,calm,intense,"I approach most situations with a high degree of emotional and mental energy."
BAP111,gentle,harsh,"I frequently use very stern and severe language when speaking to others."
BAP112,systematic,random,"I approach tasks without any particular order or organized structure."
BAP113,trusting,skeptical,"I rarely accept new information without first verifying its source and accuracy."
BAP114,unassuming,haughty,"I often act superior to others, expecting special deference and treatment."
BAP115,optimistic,cynical,"I believe that self-interest is the primary motivation for most people's good deeds."
BAP116,careless,meticulous,"I pay extremely close attention to every minor detail in my work."
BAP117,accommodating,obstructive,"I deliberately create difficulties or delays for others when they are pursuing a goal."
BAP118,open-minded,dogmatic,"I strictly adhere to my established set of beliefs and reject opposing views."
BAP119,soft-spoken,loud,"I always speak with enough volume to ensure that everyone nearby can hear me."
BAP120,calm,excitable,"I react to surprising news with screaming and jumping."
BAP121,patient,hasty,"I often make decisions very quickly without fully thinking them through."
BAP122,down-to-earth,pretentious,"I often use overly complex language and cultural references to impress people."
BAP123,predictable,unconventional,"I intentionally adopt behaviors and styles that defy social norms."
BAP124,generous,possessive,"I feel a strong need to maintain absolute control over my belongings and territory."
BAP125,spontaneous,measured,"I carefully calculate and weigh all my actions before executing them."
BAP126,lenient,severe,"I believe that punishments for mistakes should be extremely strict and unforgiving."
BAP127,unemotional,sentimental,"I cherish old memories and hold deep emotional attachments to certain objects."
BAP128,vigilant,carefree,"I tend to ignore potential problems, believing that things will work themselves out."
BAP129,accepting,judgmental,"I frequently form and express negative opinions about the character of other people."
BAP130,stable,neurotic,"I frequently feel overwhelmed by stress and worry about everyday situations."
BAP131,collaborative,competitive,"I constantly strive to outperform others in every setting."
BAP132,polite,brash,"I frequently speak in a disrespectful and aggressive manner."
BAP133,aware,oblivious,"I rarely notice the emotional states or needs of those around me."
BAP134,reliable,untrustworthy,"I often fail to keep my promises or fulfill my commitments."
BAP135,easy,difficult,"I intentionally make tasks or processes harder than they need to be."
BAP136,unassuming,flashy,"I choose clothing and accessories that are designed to attract attention."
BAP137,pensive,oblivious,"I prefer to think deeply about a subject before offering any commentary."
BAP138,friendly,withdrawn,"I tend to keep to myself and actively avoid engaging in social interaction."
BAP139,honest,secretive,"I intentionally keep a great deal of my life hidden from close friends and family."
BAP140,calm,frenzied,"I often feel a powerful, uncontrollable urge to rush and complete tasks immediately."
BAP141,casual,meticulous,"I approach every task with intense focus on organization and flawless execution."
BAP142,tolerant,intolerant,"I am unwilling to accept viewpoints or lifestyles that differ significantly from mine."
BAP143,brave,timid,"I often withdraw from situations that require confrontation or personal risk."
BAP144,warm,cold,"I maintain an emotional distance from others and rarely show affection."
BAP145,clear-headed,confused,"I often feel mentally scattered and struggle to make sense of information."
BAP146,open,closed,"I am very reluctant to discuss my ideas or beliefs with others."
BAP147,forgiving,resentful,"I continue to feel bitterness towards people long after a conflict has passed."
BAP148,subtle,obvious,"I prefer to express myself in a clear, overt, and easily understood manner."
BAP149,positive,negative,"I frequently find myself dwelling on the drawbacks and failures of a situation."
BAP150,productive,idle,"I often choose to spend my time doing absolutely nothing of value."
BAP151,simple,complex,"I believe that most life problems are best solved through intricate and multi-layered solutions."
BAP152,playful,somber,"I typically maintain a serious and grave demeanor in most social situations."
BAP153,responsible,irresponsible,"I frequently neglect my duties and fail to meet my obligations."
BAP154,stable,hysterical,"I often react to unexpected news with an extreme, over-the-top display of emotion."
BAP155,accepting,preachy,"I often try to persuade others to adopt my personal values and morals."
BAP156,logical,intuitive,"I rely heavily on gut feelings and instincts rather than facts and reason when making choices."
BAP157,generous,stingy,"I am reluctant to spend money, even when the purchase is necessary."
BAP158,spontaneous,structured,"I always follow a precise schedule and plan for every single day."
BAP159,kind,cruel,"I often find amusement in the misfortune or suffering of others."
BAP160,relaxed,stressed,"I frequently feel burdened and overwhelmed by the demands of life."
BAP161,aware,dense,"I am typically the last person to understand a joke or a subtle social cue."
BAP162,cooperative,rebellious,"I feel a strong inclination to oppose rules and defy authority figures."
BAP163,self-sufficient,needy,"I frequently reach out to others for emotional support and validation."
BAP164,calm,fidgety,"I constantly move my hands or shift my position when sitting down."
BAP165,honest,evasive,"I frequently answer questions with statements that are misleading or incomplete."
BAP166,focused,daydreaming,"I often find myself mentally escaping into elaborate fantasies during the day."
BAP167,unassuming,pompous,"I frequently use overly formal language and boast about my importance."
BAP168,patient,volatile,"My moods are characterized by frequent and unpredictable changes."
BAP169,conventional,radical,"I constantly seek out and promote ideas and beliefs that are extreme or revolutionary."
BAP170,flexible,inflexible,"I struggle to adjust my behavior or plans when unexpected issues arise."
BAP171,helpful,self-centered,"I am primarily focused on how a situation benefits or affects me personally."
BAP172,calm,nervous,"I often exhibit physical signs of anxiety, like sweating palms or a racing heart."
BAP173,diligent,careless,"I often rush through tasks, making many mistakes due to a lack of attention."
BAP174,humble,arrogant,"I believe that my abilities and talents are vastly superior to those of the average person."
BAP175,open,secretive,"I intentionally keep a significant portion of my life completely hidden from everyone."
BAP176,soft,firm,"I rarely compromise and usually stick very strongly to my initial position."
BAP177,quick,slow,"I typically require a great deal of time to reach a final decision."
BAP178,supportive,antagonistic,"I frequently challenge and argue against the opinions of those around me."
BAP179,optimistic,fatalistic,"I believe that negative events are inevitable and that I have no power to change them."
BAP180,simple,elaborate,"I prefer to do things in a highly detailed, intricate, and polished manner."
BAP181,reliable,unpredictable,"My behavior and reactions are frequently inconsistent and surprising to others."
BAP182,polite,discourteous,"I frequently use disrespectful or offensive language in everyday conversation."
BAP183,private,exhibitionist,"I enjoy deliberately shocking people with my unconventional behavior and dress."
BAP184,patient,testy,"I am easily bothered and express my irritation quickly and sharply."
BAP185,tough,vulnerable,"I often openly share my deep feelings and insecurities with others."
BAP186,cautious,daring,"I frequently participate in activities that involve a high degree of danger or risk."
BAP187,practical,abstract,"I spend a lot of time pondering purely theoretical ideas and philosophical concepts."
BAP188,satisfied,covetous,"I frequently desire what other people possess, whether it is material or intangible."
BAP189,warm,aloof,"I tend to keep people at an emotional distance, rarely showing personal interest."
BAP190,calm,agitated,"I am often in a state of restless energy and nervous excitement."
BAP191,consistent,inconsistent,"My beliefs, interests, and motivations frequently shift without clear reason."
BAP192,ethical,unscrupulous,"I am willing to bend or break moral rules to achieve what I want."
BAP193,thorough,cursory,"I typically perform tasks hastily, paying very little attention to details."
BAP194,open-minded,closed-minded,"I immediately reject any idea that conflicts with my existing worldview."
BAP195,funny,serious,"I rarely crack jokes or try to bring humor into a conversation."
BAP196,social,introverted,"I strongly prefer solitary activities to spending time with large groups of people."
BAP197,mature,immature,"I often display childish behavior, such as temper tantrums or excessive silliness."
BAP198,cooperative,unyielding,"I insist on doing things my way and reject input from others."
BAP199,active,passive,"I tend to wait for others to take the lead rather than initiating action myself."
BAP200,clear,muddled,"I often struggle to organize my thoughts into a coherent message."
BAP201,simple,gaudy,"I prefer items that are excessively bright, ornate, and attention-grabbing."
BAP202,friendly,cold,"I treat people with noticeable emotional detachment and reserve."
BAP203,cautious,risky,"I am constantly looking for opportunities to take big chances."
BAP204,stable,turbulent,"My emotional life feels chaotic and is characterized by many intense highs and lows."
BAP205,trusting,cynical,"I believe that most human actions are motivated by pure self-interest."
BAP206,flexible,rigid,"I insist that everything must be done exactly according to a predetermined procedure."
BAP207,generous,miserly,"I experience distress at the thought of spending money, even when necessary."
BAP208,candid,guarded,"I carefully conceal my true feelings and opinions from others."
BAP209,systematic,disorganized,"I frequently lose things and struggle to keep my affairs in order."
BAP210,relaxed,anxious,"I often feel a powerful, pervasive sense of worry about everyday situations."
BAP211,modest,vain,"I spend a lot of time admiring my own appearance and reflecting on my virtues."
BAP212,down-to-earth,eccentric,"I often express myself through highly unusual and unconventional mannerisms."
BAP213,patient,rushed,"I often feel a strong pressure to complete tasks as quickly as possible."
BAP214,open,uncommunicative,"I rarely speak or share my thoughts during group settings."
BAP215,practical,idealistic,"I often prioritize achieving an imagined, perfect outcome over a realistic one."
BAP216,kind,mean,"I frequently make deliberately harsh or spiteful comments to others."
BAP217,vigilant,neglectful,"I often forget about my responsibilities and fail to maintain important things."
BAP218,humble,supercilious,"I frequently treat people as if they are intellectually or socially inferior to me."
BAP219,firm,lenient,"I am very flexible about rules and rarely enforce punishments."
BAP220,simple,abstract,"I enjoy contemplating complex concepts that have no immediate real-world application."
BAP221,wary,gullible,"I am often easily fooled or misled by others."
BAP222,serious,playful,"I often introduce light-heartedness, jokes, and teasing into social interactions."
BAP223,conventional,experimental,"I constantly try new, untested, and original ways of doing things."
BAP224,private,revealing,"I frequently share highly intimate details about my personal life with many people."
BAP225,easygoing,contentious,"I frequently look for arguments and confrontations with others."
BAP226,productive,unmotivated,"I lack the internal drive to start or complete necessary work."
BAP227,polite,offensive,"I frequently make remarks that are considered rude or inappropriate by others."
BAP228,present,distracted,"I often find it difficult to pay attention to what is currently happening."
BAP229,confident,insecure,"I often doubt my own abilities and feel generally inadequate."
BAP230,assertive,timid,"I avoid speaking up for myself, even when I have a strong opinion."
BAP231,patient,impatient,"I feel an intense need for instant gratification and struggle with delays."
BAP232,loyal,faithless,"I frequently betray the trust of my friends or colleagues for personal gain."
BAP233,precise,approximate,"I rarely worry about minor errors and am comfortable with rough estimates."
BAP234,supportive,disapproving,"I frequently voice my strong criticism of other people's choices."
BAP235,ü•∞,üôÉ,"I often react to sincere compliments with a light, witty skepticism."
BAP236,ü•¥,ü•≥,"My reaction to success is typically characterized by unbridled, energetic celebration."
BAP237,üòé,üßê,"I prefer to approach situations with a deep, careful, and analytical mindset."
BAP238,üò≠,üòÄ,"Even when faced with bad news, I tend to maintain a cheerful and positive demeanor."
BAP239,ü§ë,ü§†,"My primary life goals revolve around seeking rugged experiences and an authentic lifestyle."
BAP240,üëΩ,ü§°,"In a social setting, I naturally gravitate toward being the center of attention and making others laugh."
BAP241,üíî,üíù,"I view past romantic endings as positive experiences that I hold with loving gratitude."
BAP242,ü§ñ,üëª,"My important decisions are mainly guided by my gut feelings and emotional intuition."
BAP243,üí©,üåü,"When I attempt a new task, the result is usually praised by everyone for being perfect."
BAP244,üí™,üß†,"When faced with a difficult physical task, I immediately seek out a clever, non-forceful solution."
BAP245,üôã‚Äç‚ôÇÔ∏è,üôÖ‚Äç‚ôÇÔ∏è,"My first instinct upon hearing a new proposal is to immediately reject the idea."
BAP246,üë®‚Äç‚öïÔ∏è,üë®‚Äçüîß,"I am most interested in solving problems that involve fixing or building broken mechanical systems."
BAP247,üë©‚Äçüî¨,üë©‚Äçüé§,"I find the role of a passionate performer, seeking fame and self-expression, more appealing."
BAP248,üòà,üòá,"Given the choice, I always choose the path that is innocently good and morally correct."
BAP249,ü§î,ü§´,"When a controversial question arises, I prefer to suppress my thoughts and remain completely silent."
BAP250,üêò,üêÄ,"I approach new tasks with a quick, agile style, prioritizing speed and flexibility."
BAP251,üêÆ,üê∑,"I aim for a rich, indulgent lifestyle, especially concerning food and personal pleasure."
BAP252,üê¥,ü¶Ñ,"I believe my personal existence is magical, unique, and destined for mythical achievements."
BAP253,üê©,üêí,"My preferred demeanor is wild, messy, and completely unrestricted by social norms."
BAP254,üö¥,üèãÔ∏è‚Äç‚ôÇÔ∏è,"My ideal physical activity is a short, intense workout focused on building strength."
BAP255,ü§∫,üèå,"When in conflict, I rely on measured, technical, and long-term strategic planning."
BAP256,üíÉ,üßï,"When I am in public, I strive to remain modest, quiet, and personally reserved."
BAP257,üßô,üë®‚ÄçüöÄ,"I am primarily interested in finding solutions through practical engineering and technological advancement."
BAP258,üêê,ü¶í,"I see myself as having an aloof, visionary nature, always reaching for high, distant goals."
BAP259,ü¶á,üêø,"I am most active, alert, and productive during the hours of full sunlight."
BAP260,üò¨,üòè,"When facing a major challenge, I feel a smug sense of calm superiority and confidence."
BAP261,ü§ê,üòú,"I enjoy stirring up curiosity by playfully hinting at secrets rather than staying silent."
BAP262,ü§£,üòä,"When amused, my response is typically limited to a gentle, pleasant smile."
BAP263,üßó,üõå,"Given free time, I will always choose activities that maximize rest and physical comfort."
BAP264,ü•æ,üëü,"When going for a walk, I prefer to wear light, flexible, and speedy footwear."
BAP265,üé©,üß¢,"My personal style is best described as casual, sporty, and easily accessible."
BAP266,üìà,üìâ,"I feel that my professional career is currently stagnant or in a state of decline."
BAP267,open-minded,rigid,"I strongly adhere to my established beliefs and refuse to consider alternatives."
BAP268,calm,excitable,"I react to most small events with an exaggerated burst of enthusiasm or alarm."
BAP269,easygoing,perfectionist,"I believe that every task must be executed flawlessly, down to the smallest detail."
BAP270,active,passive,"I tend to simply watch situations unfold rather than participating in them."
BAP271,polite,blunt,"I frequently express my opinions directly and without any concern for politeness."
BAP272,humble,vain,"I spend a lot of time focused on my appearance and how others perceive my success."
BAP273,consistent,erratic,"My behavior and interests are often unpredictable and constantly changing."
BAP274,supportive,demanding,"I frequently make high and sometimes unreasonable requests of other people."
BAP275,deep,superficial,"I prefer to keep conversations light, focusing on fashion, gossip, and trivial matters."
BAP276,generous,greedy,"I am constantly focused on accumulating wealth and possessions for myself."
BAP277,clear,complicated,"I prefer my plans and explanations to be highly detailed and intricate."
BAP278,patient,hotheaded,"I often lash out with anger or frustration at minor annoyances."
BAP279,funny,dull,"I rarely contribute any humor or wit to conversations."
BAP280,conventional,eccentric,"I often behave in ways that are highly unusual and outside the norm."
BAP281,private,public,"I enjoy being the center of attention in large social gatherings."
BAP282,reliable,undependable,"I frequently make promises that I fail to keep."
BAP283,caring,callous,"I have a deep sense of detachment and indifference toward the suffering of others."
BAP284,practical,theoretical,"I spend a great deal of time discussing purely abstract concepts."
BAP285,mature,childish,"I frequently act silly or immature to avoid facing serious issues."
BAP286,fast,slow,"I require a long time to begin a task, even a simple one."
BAP287,friendly,hostile,"I often view the world and new people with suspicion and resentment."
BAP288,forgiving,vengeful,"I actively look for ways to retaliate against people who have wronged me."
BAP289,optimistic,pessimistic,"I believe that bad luck and failure are the most likely outcomes for me."
BAP290,loyal,inconstant,"I frequently shift my allegiances and abandon projects or relationships quickly."
BAP291,calm,frenzied,"I often feel a powerful, nervous energy that pushes me to hurry through everything."
BAP292,honest,dishonest,"I frequently lie or mislead people to make myself look better."
BAP293,creative,imitative,"I consciously try to copy the style and methods of others rather than innovate."
BAP294,simple,complex,"I always search for the most intricate and multi-faceted explanation for an event."
BAP295,tidy,slovenly,"I frequently fail to clean up after myself, leaving my space messy."
BAP296,open,closed,"I am very uncomfortable with sharing my feelings and personal life with others."
BAP297,cautious,daring,"I often feel compelled to take risks that others would consider reckless."
BAP298,strict,lax,"I rarely enforce rules and allow a great deal of leeway in behavior."
BAP299,polite,rude,"I rarely use formal etiquette and often speak without much courtesy."
BAP300,independent,clinging,"I constantly seek reassurance and rely heavily on the opinions of close friends."
BAP301,tough,sensitive,"I am easily overwhelmed by intense emotions and cry frequently."
BAP302,modest,bragging,"I frequently talk about my possessions and achievements in a boastful way."
BAP303,active,sedentary,"I prefer to spend the majority of my free time sitting or lying down."
BAP304,clear,ambiguous,"I often use vague or indirect language to avoid committing to a specific statement."
BAP305,flexible,uncompromising,"I stubbornly refuse to consider alternative ways of doing things."
BAP306,humble,conceited,"I believe I am exceptionally talented and smarter than almost everyone I meet."
BAP307,prepared,unready,"I consistently find myself lacking the necessary resources or information for a task."
BAP308,calm,volatile,"My moods are very unpredictable and can change rapidly without warning."
BAP309,wary,trusting,"I typically accept what people tell me at face value without questioning them."
BAP310,simple,abstract,"I am preoccupied with theoretical and philosophical issues rather than practical ones."
BAP311,patient,quick-tempered,"I become frustrated and angry very easily."
BAP312,conventional,novel,"I constantly seek out and adopt new, original, and innovative ideas."
BAP313,generous,selfish,"I always put my personal comfort and well-being before the needs of others."
BAP314,stable,fickle,"My interests, goals, and even my personality seem to shift often."
BAP315,aware,unobservant,"I tend to overlook details and rarely notice changes in my environment."
BAP316,responsible,careless,"I frequently make mistakes due to my lack of attention and rushing."
BAP317,polite,hostile,"I am often unfriendly and openly antagonistic towards new people."
BAP318,open,secretive,"I intentionally withhold a lot of important personal information from others."
BAP319,cautious,reckless,"I frequently engage in spontaneous, dangerous activities without thought for the risks."
BAP320,realistic,romantic,"I often view the world through an idealized, overly sentimental lens."
BAP321,tough,soft,"I find it nearly impossible to refuse a request, even if it is inconvenient for me."
BAP322,logical,emotional,"I allow my feelings and subjective experiences to heavily influence my final decisions."
BAP323,diligent,lazy,"I avoid physical or mental effort whenever possible."
BAP324,leader,follower,"I feel most comfortable when someone else is telling me what to do."
BAP325,cheerful,glum,"I frequently feel deep sadness or a persistent lack of joy."
BAP326,friendly,withdrawn,"I actively avoid social events and prefer to spend my time in solitude."
BAP327,honest,unscrupulous,"I am willing to exploit loopholes or engage in morally questionable acts to win."
BAP328,thrifty,wasteful,"I often buy things I don't need and dispose of usable items unnecessarily."
BAP329,organized,disordered,"My work, plans, and possessions are generally messy and difficult to navigate."
BAP330,stable,anxious,"I often feel a low-level, continuous fear about various aspects of my life."
BAP331,modest,flashy,"I choose clothing and accessories that are vibrant, extravagant, and designed to attract attention."
BAP332,easygoing,contentious,"I frequently seek out debates and enjoy having disagreements with others."
BAP333,simple,complex,"I prefer to use overly sophisticated and intricate explanations for even simple concepts."
BAP334,warm,cold,"I maintain a strictly professional and distant relationship with most people I meet."
BAP335,patient,impatient,"I easily become restless and irritable when things do not happen immediately."
BAP336,conventional,unconventional,"I intentionally embrace non-traditional and unusual behaviors and lifestyles."
BAP337,supportive,critical,"I frequently point out the shortcomings and errors of my friends or colleagues."
BAP338,prepared,improvised,"I prefer to deal with situations as they arise, without any prior planning."
BAP339,calm,dramatic,"I tend to overreact to small events, viewing them as major crises."
BAP340,candid,deceitful,"I frequently use misleading statements or misrepresent facts to get what I want."
BAP341,tolerant,biased,"I judge people quickly based on superficial traits or group affiliation."
BAP342,vigilant,careless,"I frequently miss important deadlines and overlook crucial details in my tasks."
BAP343,subtle,overt,"I prefer to communicate my feelings and intentions in a loud and unmistakable way."
BAP344,satisfied,ambitious,"I constantly strive to improve my position and achieve bigger, better goals."
BAP345,clear,vague,"I often use language that is ambiguous and leaves room for multiple interpretations."
BAP346,friendly,aloof,"I tend to be emotionally detached and distant from the people around me."
BAP347,tough,emotional,"I frequently cry and openly express strong feelings when faced with difficult situations."
BAP348,spontaneous,cautious,"I prefer to meticulously plan every step of an action before I proceed."
BAP349,accepting,judgmental,"I often form negative conclusions about the character and morals of others."
BAP350,optimistic,fatalistic,"I believe that outcomes are predetermined by negative forces beyond my control."
BAP351,reliable,unpredictable,"My behavior and reactions are frequently inconsistent and surprise even me."
BAP352,simple,ornate,"I surround myself with objects that are highly complex and intricately detailed."
BAP353,humorous,somber,"I typically maintain a serious and grave expression and rarely smile."
BAP354,aware,oblivious,"I rarely notice the subtle emotional signals or changes in other people's behavior."
BAP355,responsible,frivolous,"I often treat my obligations and important decisions with a lack of seriousness."
BAP356,calm,agitated,"I am often in a state of nervous tension and restless movement."
BAP357,lenient,strict,"I believe that rules must be rigidly enforced and mistakes must be met with stern punishment."
BAP358,private,gossipy,"I often share rumors and private information about others with various people."
BAP359,loyal,traitorous,"If a friend makes a mistake, I immediately turn them over to the relevant authority."
BAP360,flexible,adamant,"I refuse to budge from my position, even when it becomes clear I might be wrong."
BAP361,patient,restless,"I feel a continuous, underlying urge to be constantly moving or doing something new."
BAP362,brave,timid,"I frequently back away from confrontations or challenges out of fear."
BAP363,generous,possessive,"I feel an intense need to own and control every material possession I acquire."
BAP364,modest,egotistical,"I am highly self-important and expect others to recognize my superior value."
BAP365,logical,sentimental,"I make decisions based primarily on deep emotional attachment and past memories."
BAP366,open-minded,intolerant,"I am extremely resistant to new ideas and beliefs that differ from my own."
BAP367,diligent,slothful,"I always look for the easiest path and avoid any activity that requires effort."
BAP368,assertive,passive,"I almost never express a strong opinion or take a firm stand in a group setting."
BAP369,clear,muddled,"I often struggle to organize my thoughts, resulting in confused communication."
BAP370,kind,antagonistic,"I frequently challenge and argue against the points made by others."
BAP371,cautious,risky,"I often make decisions that involve a significant element of danger or uncertainty."
BAP372,humble,arrogant,"I am openly boastful about my superiority and success."
BAP373,tidy,messy,"I leave my surroundings cluttered and disorganized after completing a task."
BAP374,mature,childish,"I frequently react to setbacks with pouting or emotional outbursts."
BAP375,polite,discourteous,"I frequently disregard common manners and speak without regard for others' feelings."
BAP376,supportive,unyielding,"I insist on my own methods and reject all suggestions from others."
BAP377,forgiving,resentful,"I hold grudges and feel bitterness toward people for a long time."
BAP378,active,sedentary,"I prefer leisure activities that involve minimal movement and physical exertion."
BAP379,conventional,radical,"I constantly promote extreme and drastic changes to existing institutions."
BAP380,patient,hasty,"I frequently rush to complete tasks, leading to mistakes and a lack of quality."
BAP381,warm,cold,"I am emotionally distant and rarely show any personal interest in others."
BAP382,clear-headed,confused,"I often feel mentally scattered, unable to focus or think straight."
BAP383,open,closed,"I am very uncomfortable with the idea of sharing my internal life with anyone."
BAP384,generous,stingy,"I am excessively frugal and feel pain at the thought of spending money."
BAP385,calm,intense,"I approach all situations with a high, noticeable level of mental and emotional energy."
BAP386,ethical,unscrupulous,"I prioritize achieving my goals, even if it requires immoral actions."
BAP387,simple,elaborate,"I believe that the best way to do things is in a highly complex and detailed manner."
BAP388,reliable,erratic,"My behavior is highly unpredictable and often inconsistent with my past actions."
BAP389,caring,indifferent,"I feel very little concern or empathy for people who are struggling."
BAP390,optimistic,pessimistic,"I constantly anticipate that things will turn out poorly."
BAP391,spontaneous,measured,"I carefully plan and calculate every action I take."
BAP392,vulnerable,tough,"I rarely let external events affect my emotional state or show weakness."
BAP393,down-to-earth,pompous,"I frequently use overly intellectual or formal language to appear superior."
BAP394,private,public,"I enjoy being recognized and am eager to share details of my life with a wide audience."
BAP395,aware,na√Øve,"I lack a fundamental understanding of how social situations and hidden power dynamics work."
BAP396,modest,extravagant,"I frequently buy the most expensive and luxurious version of common items."
BAP397,loyal,inconstant,"I quickly lose interest in people and move on to new relationships or endeavors."
BAP398,polite,rude,"I frequently use disrespectful and abrasive language towards people."
BAP399,thoughtful,impulsive,"I often act purely on a sudden whim without considering the potential consequences."
BAP400,friendly,aloof,"I maintain a strictly professional distance and rarely engage in casual conversation."
BAP401,honest,deceitful,"I frequently use lies or fabrications to avoid difficult situations."
BAP402,calm,fidgety,"I find it extremely difficult to sit still and am constantly tapping or shifting."
BAP403,reserved,flirtatious,"I frequently engage in playful, charming behavior to express attraction."
BAP404,organized,scattered,"I approach most tasks with a lack of structure, jumping between different steps."
BAP405,creative,conventional,"I always choose the established, standard way of doing things."
BAP406,stable,unstable,"My emotions are often chaotic, characterized by intense and sudden shifts."
BAP407,simple,abstract,"I am passionate about exploring theoretical concepts that have no immediate practical use."
BAP408,cautious,risky,"I am consistently drawn to activities that involve a high element of personal danger."
BAP409,patient,irritable,"I get easily annoyed and express my frustration quickly and openly."
BAP410,self-sufficient,dependent,"I frequently need the help and validation of others to make decisions."
BAP411,modest,showy,"I enjoy dressing in clothing that is intentionally designed to be eye-catching and dramatic."
BAP412,aware,oblivious,"I am frequently unaware of what is going on around me in social settings."
BAP413,vigilant,neglectful,"I often forget about important appointments and fail to maintain my belongings."
BAP414,supportive,antagonistic,"I frequently challenge and openly contradict the people I am talking to."
BAP415,flexible,inflexible,"I refuse to adapt my plans or methods, even when a situation clearly requires it."
BAP416,clear,obscure,"I intentionally use language that is difficult to understand or interpret."
BAP417,humble,supercilious,"I frequently treat others with a dismissive air, implying their inferiority."
BAP418,diligent,careless,"I perform most tasks hastily and without proper attention to detail."
BAP419,open-minded,dogmatic,"I strictly adhere to a rigid set of beliefs and reject all conflicting information."
BAP420,friendly,withdrawn,"I prefer to avoid social interaction and keep to myself most of the time."
BAP421,simple,complex,"I always look for the most intricate and multi-faceted solutions to problems."
BAP422,calm,dramatic,"I tend to view and react to minor problems as major life crises."
BAP423,leader,submissive,"I prefer to follow the lead of others and avoid taking charge."
BAP424,polite,offensive,"I frequently make jokes or comments that are inappropriate or insulting."
BAP425,generous,greedy,"My main life goal is to acquire as much wealth and as many possessions as possible."
BAP426,reliable,untrustworthy,"I often fail to follow through on my promises and commitments."
BAP427,ethical,unscrupulous,"I am willing to engage in morally questionable activities to get ahead."
BAP428,patient,rushed,"I feel a constant, high-pressure need to complete everything immediately."
BAP429,tough,vulnerable,"I frequently share my insecurities and emotional difficulties with others."
BAP430,optimistic,fatalistic,"I believe that my future is controlled by negative destiny and struggle is pointless."
BAP431,honest,secretive,"I intentionally conceal important facts and opinions from those close to me."
BAP432,humorous,solemn,"I approach almost every situation with a serious, grave, and humorless attitude."
BAP433,conventional,eccentric,"I constantly strive to express myself in highly unusual and non-traditional ways."
BAP434,aware,dense,"I frequently miss simple, obvious points in conversations."
BAP435,responsible,irresponsible,"I often neglect my duties and leave tasks unfinished."
BAP436,calm,anxious,"I often feel a low-grade, persistent sense of worry about general life events."
BAP437,accepting,judgmental,"I frequently criticize and evaluate the behavior and choices of others."
BAP438,thrifty,wasteful,"I often purchase items I don't need and frequently discard things that are still usable."
BAP439,strong,weak,"I easily become discouraged and give up quickly when faced with obstacles."
BAP440,flexible,rigid,"I insist on doing things exactly the same way every time, without exception."
BAP441,private,exhibitionist,"I enjoy being the center of attention and like to shock people with my behavior."
BAP442,patient,impatient,"I feel intense frustration and agitation when I have to wait."
BAP443,stable,volatile,"My moods are very unpredictable and change frequently and dramatically."
BAP444,wary,gullible,"I tend to believe everything I hear without question."
BAP445,modest,pompous,"I frequently speak in an overly formal and self-important manner."
BAP446,open,uncommunicative,"I rarely speak up or share my thoughts in group discussions."
BAP447,caring,callous,"I have very little emotional reaction to the suffering of others."
BAP448,organized,haphazard,"I approach tasks randomly, without any logical order or structure."
BAP449,candid,devious,"I frequently use indirect and manipulative tactics to influence others."
BAP450,simple,ornate,"I enjoy decorating my space with highly detailed, elaborate, and complex designs."
BAP451,supportive,critical,"I frequently find and voice flaws in the opinions and actions of others."
BAP452,brave,timid,"I avoid most situations that involve potential risk or conflict."
BAP453,conventional,experimental,"I constantly try to invent new methods, regardless of their proven success."
BAP454,warm,cold,"I maintain a noticeable emotional distance from people, even those I know well."
BAP455,calm,intense,"I approach every task with a high level of aggressive and passionate energy."
BAP456,polite,rude,"I frequently use abrupt and insensitive language in my interactions."
BAP457,down-to-earth,pretentious,"I often use obscure references and sophisticated vocabulary to sound intelligent."
BAP458,private,vocal,"I frequently share my opinions and thoughts loudly and forcefully."
BAP459,loyal,inconstant,"I struggle to maintain focus on any single project or relationship for a long time."
BAP460,thrifty,extravagant,"I often purchase the most expensive available option for simple items."
BAP461,clear-headed,confused,"I frequently struggle to think clearly and feel mentally muddled."
BAP462,trusting,suspicious,"I always assume that other people have hidden motives or are trying to deceive me."
BAP463,patient,testy,"I am easily bothered and frequently express my minor annoyances to others."
BAP464,assertive,passive,"I almost always let others make decisions and take the lead in group settings."
BAP465,kind,mean,"I often make deliberately unpleasant or nasty remarks to people."
BAP466,simple,abstract,"I am fascinated by concepts that are purely theoretical and unrelated to real life."
BAP467,modest,boastful,"I constantly talk about my successes and talents to anyone who will listen."
BAP468,aware,oblivious,"I rarely notice the emotional states or needs of the people around me."
BAP469,responsible,neglectful,"I frequently ignore the need for maintenance and let things fall into disrepair."
BAP470,spontaneous,cautious,"I meticulously plan every detail of my life and rarely act on impulse."
BAP471,open-minded,closed-minded,"I immediately dismiss any information that contradicts my strongly held beliefs."
BAP472,humorous,dry,"I rarely make jokes and prefer a straightforward, serious conversation style."
BAP473,ethical,unscrupulous,"I prioritize achieving success through any means necessary, moral or otherwise."
BAP474,friendly,hostile,"I approach new people with a natural sense of resentment and antagonism."
BAP475,calm,excitable,"I react to most small events with an exaggerated burst of enthusiasm."
BAP476,forgiving,resentful,"I continue to feel bitterness toward those who have wronged me for a long time."
BAP477,candid,guarded,"I carefully protect my private thoughts and feelings from others."
BAP478,leader,follower,"I am most comfortable when I am simply following instructions and avoiding control."
BAP479,reliable,undependable,"I frequently forget my obligations and cannot be relied upon to follow through."
BAP480,optimistic,pessimistic,"I anticipate that negative events are the most probable outcome in every situation."
BAP481,private,public,"I enjoy having my personal life and achievements displayed for everyone to see."
BAP482,mature,immature,"I frequently act in a silly, frivolous, or childish manner."
BAP483,vigilant,careless,"I frequently miss deadlines and overlook important requirements in my work."
BAP484,brave,nervous,"I feel a strong sense of fear and hesitation when facing new or difficult situations."
BAP485,tough,sensitive,"I am easily hurt by criticism and frequently take minor comments personally."
BAP486,subtle,obvious,"I prefer to communicate my feelings and intentions in a clear, overt, and simple way."
BAP487,simple,complex,"I always search for highly intricate and detailed solutions to everyday problems."
BAP488,honest,deceitful,"I frequently use misleading statements to conceal my true intentions."
BAP489,trusting,suspicious,"I always assume that people's generous actions are driven by questionable motives."
BAP490,dependable,unreliable,"I am likely to forget or fail to follow through, even if I promise to do something."
BAP491,spiritual,materialistic,"I place my highest value on physical wealth and possessions."
BAP492,spontaneous,planned,"I meticulously plan every detail of a holiday six months in advance."
BAP493,traditional,experimental,"When cooking, I constantly try new, weird combinations."
BAP494,calm,excitable,"I react to surprising news with screaming and jumping."
BAP495,practical,theoretical,"When solving a problem, I focus on the abstract concepts behind it."
BAP496,loyal,traitorous,"If my friend makes a mistake, I turn them over to authority."
BAP497,humble,arrogant,"After a big success, I openly boast about my superiority."
BAP498,modest,extravagant,"I pay the maximum cost for a highly specialized hair styling."
BAP500,natural,synthetic,"I generally believe that modern, manufactured solutions are superior to traditional or organic methods."