character,work
Prince Hamlet,Hamlet
Queen Gertrude,Hamlet
King Claudius,Hamlet
Polonius,Hamlet
Ophelia,Hamlet
Horatio,Hamlet
Tokio,Money Heist
El Profesor,Money Heist
Raquel Murillo,Money Heist
Berlin,Money Heist
Rio,Money Heist
Denver,Money Heist
Monica Gaztambide,Money Heist
Arturo Roman,Money Heist
Helsinki,Money Heist
Nairobi,Money Heist
Joel Miller,The Last of Us
Ellie Williams,The Last of Us
Bob Parr,The Incredibles
Helen Parr,The Incredibles
Violet Parr,The Incredibles
Dashiell Parr,The Incredibles
Buddy Pine,The Incredibles
Beowulf,Beowulf
General Mark R. Naird,Space Force
Dr. Adrian Mallory,Space Force
F. Tony Scarapiducci,Space Force
Erin Naird,Space Force
Captain Angela Ali,Space Force
Dr. Chan Kaifang,Space Force
Dexter Mayhew,One Day
Emma Morley,One Day
Eleanor Shellstrop,The Good Place
Chidi Anagonye,The Good Place
Tahani Al-Jamil,The Good Place
Janet,The Good Place
Jason Mendoza,The Good Place
Michael,The Good Place
Jay Gatsby,The Great Gatsby
Nick Carraway,The Great Gatsby
Daisy Buchanan,The Great Gatsby
Tom Buchanan,The Great Gatsby
Myrtle Wilson,The Great Gatsby
Jordan Baker,The Great Gatsby
Vito Corleone,The Godfather
Michael Corleone,The Godfather
Sonny Corleone,The Godfather
Peter Clemenza,The Godfather
Tom Hagen,The Godfather
Emilio Barzini,The Godfather
Peter Venkman,Ghostbusters
Ray Stantz,Ghostbusters
Egon Spengler,Ghostbusters
Dana Barrett,Ghostbusters
Louis Tully,Ghostbusters
Meredith Grey,Grey's Anatomy
Cristina Yang,Grey's Anatomy
Izzie Stevens,Grey's Anatomy
Alex Karev,Grey's Anatomy
George O'Malley,Grey's Anatomy
Miranda Bailey,Grey's Anatomy
Richard Webber,Grey's Anatomy
Preston Burke,Grey's Anatomy
Derek Shepherd,Grey's Anatomy
Addison Montgomery,Grey's Anatomy
Chris Washington,Get Out
Rose Armitage,Get Out
Dean Armitage,Get Out
Jeremy Armitage,Get Out
Missy Armitage,Get Out
Rod Williams,Get Out
Kylo Ren,Star Wars: The Last Jedi
Rey,Star Wars: The Last Jedi
Finn,Star Wars: The Last Jedi
Poe Dameron,Star Wars: The Last Jedi
Rose Tico,Star Wars: The Last Jedi
General Hux,Star Wars: The Last Jedi
Huckleberry Finn,Adventures of Huckleberry Finn
Jim,Adventures of Huckleberry Finn
Ahsoka Tano,Ahsoka
Huyang,Ahsoka
Sabine Wren,Ahsoka
Hera Syndulla,Ahsoka
Baylan Skoll,Ahsoka
Shin Hati,Ahsoka
Eric Forman,That 70's Show
Jackie Burkhart,That 70's Show
Michael Kelso,That 70's Show
Steven Hyde,That 70's Show
Donna Pinciotti,That 70's Show
Fez,That 70's Show
Kitty Forman,That 70's Show
Red Forman,That 70's Show
Midge Pinciotti,That 70's Show
Bob Pinciotti,That 70's Show
Danny Vinyard,American History X
Derek Vinyard,American History X
Dr. Bob Sweeney,American History X
Maleficent,Maleficent
Clarice Starling,The Silence of the Lambs
Dr. Hannibal Lecter,The Silence of the Lambs
Jack Crawford,The Silence of the Lambs
Luke Skywalker,Star Wars: Episode IV - A New Hope
Princess Leia,Star Wars: Episode IV - A New Hope
Han Solo,Star Wars: Episode IV - A New Hope
Darth Vader,Star Wars: Episode IV - A New Hope
Obi-Wan Kenobi,Star Wars: Episode IV - A New Hope
C-3PO,Star Wars: Episode IV - A New Hope
Aang,Avatar: The Last Airbender
Zuko,Avatar: The Last Airbender
Katara,Avatar: The Last Airbender
Toph Beifong,Avatar: The Last Airbender
Sokka,Avatar: The Last Airbender
Azula,Avatar: The Last Airbender
Iroh,Avatar: The Last Airbender
Firelord Ozai,Avatar: The Last Airbender
Ty Lee,Avatar: The Last Airbender
Hakoda,Avatar: The Last Airbender
Jimmy 'B-Rabbit' Smith Jr.,8 Mile
Obi-Wan Kenobi,Star Wars: Revenge of the Sith
Padme Amidala,Star Wars: Revenge of the Sith
Anakin Skywalker,Star Wars: Revenge of the Sith
Palpatine,Star Wars: Revenge of the Sith
Mace Windu,Star Wars: Revenge of the Sith
Yoda,Star Wars: Revenge of the Sith
Shrek,Shrek
Donkey,Shrek
Princess Fiona,Shrek
Atticus Finch,To Kill a Mockingbird
Jadzia Dax,Star Trek: Deep Space Nine
Odo,Star Trek: Deep Space Nine
Worf,Star Trek: Deep Space Nine
Nog,Star Trek: Deep Space Nine
Quark,Star Trek: Deep Space Nine
Benjamin Sisko,Star Trek: Deep Space Nine
Elim Garak,Star Trek: Deep Space Nine
Kira Nerys,Star Trek: Deep Space Nine
Julian Bashir,Star Trek: Deep Space Nine
Dukat,Star Trek: Deep Space Nine
Rom,Star Trek: Deep Space Nine
Miles O'Brien,Star Trek: Deep Space Nine
Jake Sisko,Star Trek: Deep Space Nine
Winn Adami,Star Trek: Deep Space Nine
Kasidy Yates,Star Trek: Deep Space Nine
Rapunzel,Tangled
Flynn Rider,Tangled
Destiny,Hustlers
Ramona Vega,Hustlers
Elizabeth,Hustlers
Sydney Carton,A Tale of Two Cities
Lucie Manette,A Tale of Two Cities
Charles Darnay,A Tale of Two Cities
Tallahassee,Zombieland
Columbus,Zombieland
Wichita,Zombieland
Vivien Harmon,American Horror Story: Season 1
Dr. Ben Harmon,American Horror Story: Season 1
Tate Langdon,American Horror Story: Season 1
Violet Harmon,American Horror Story: Season 1
Larry Harvey,American Horror Story: Season 1
Constance Langdon,American Horror Story: Season 1
Sherlock Holmes,Sherlock
Dr. John Watson,Sherlock
D.I. Greg Lestrade,Sherlock
Mrs. Hudson,Sherlock
Mycroft Holmes,Sherlock
Molly Hooper,Sherlock
John Rayburn,Bloodline
Meg Rayburn,Bloodline
Kevin Rayburn,Bloodline
Diana Rayburn,Bloodline
Eric O'Bannon,Bloodline
Sally Rayburn,Bloodline
Tony Lip,Green Book
Don Shirley,Green Book
Danny Reagan,Blue Bloods
Erin Reagan,Blue Bloods
Jamie Reagan,Blue Bloods
Henry Reagan,Blue Bloods
Frank Reagan,Blue Bloods
Abigail Baker,Blue Bloods
Betty Elms,Mulholland Drive
Rita,Mulholland Drive
Cady Heron,Mean Girls
Regina George,Mean Girls
Gretchen Wieners,Mean Girls
Karen Smith,Mean Girls
Janis Ian,Mean Girls
Damian Leigh,Mean Girls
Aaron Samuels,Mean Girls
Ms. Sharon Norbury,Mean Girls
June George,Mean Girls
Betsy Heron,Mean Girls
Jay Pritchett,Modern Family
Gloria Delgado-Pritchett,Modern Family
Claire Dunphy,Modern Family
Phil Dunphy,Modern Family
Mitchell Pritchett,Modern Family
Cameron Tucker,Modern Family
Luke Dunphy,Modern Family
Manny Delgado,Modern Family
Haley Dunphy,Modern Family
Alex Dunphy,Modern Family
Don Draper,Mad Men
Peggy Olson,Mad Men
Pete Campbell,Mad Men
Betty Draper,Mad Men
Joan Holloway,Mad Men
Salvatore Romano,Mad Men
Paul Kinsey,Mad Men
Ken Cosgrove,Mad Men
Harry Crane,Mad Men
Rachel Menken,Mad Men
Roger Sterling,Mad Men
Bert Cooper,Mad Men
Henry Francis,Mad Men
Lane Pryce,Mad Men
Stan Rizzo,Mad Men
James P. Sullivan,"Monsters, Inc."
Mike Wazowski,"Monsters, Inc."
Randall Boggs,"Monsters, Inc."
Holden Ford,Mindhunter
Bill Tench,Mindhunter
Dr. Wendy Carr,Mindhunter
Randle Patrick McMurphy,One Flew Over the Cuckoo's Nest
Nurse Mildred Ratched,One Flew Over the Cuckoo's Nest
'Chief' Bromden,One Flew Over the Cuckoo's Nest
Dale Harding,One Flew Over the Cuckoo's Nest
Billy Bibbit,One Flew Over the Cuckoo's Nest
Charlie Cheswick,One Flew Over the Cuckoo's Nest
SpongeBob SquarePants,SpongeBob SquarePants
Patrick Star,SpongeBob SquarePants
Squidward Tentacles,SpongeBob SquarePants
Mr. Krabs,SpongeBob SquarePants
Sandy Cheeks,SpongeBob SquarePants
Elliot Alderson,Mr. Robot
Mr. Robot,Mr. Robot
Darlene,Mr. Robot
Tyrell Wellick,Mr. Robot
Angela Moss,Mr. Robot
Dominique DiPierro,Mr. Robot
Anna,Frozen
Elsa,Frozen
Kristoff,Frozen
Olaf,Frozen
Hans,Frozen
Malcolm Reynolds,Firefly + Serenity
River Tam,Firefly + Serenity
Inara Serra,Firefly + Serenity
Kaylee Frye,Firefly + Serenity
Zoe Washburne,Firefly + Serenity
Hoban Washburne,Firefly + Serenity
Jayne Cobb,Firefly + Serenity
Derrial Book,Firefly + Serenity
Simon Tam,Firefly + Serenity
The Operative,Firefly + Serenity
Jake Peralta,Brooklyn Nine-Nine
Rosa Diaz,Brooklyn Nine-Nine
Terry Jeffords,Brooklyn Nine-Nine
Amy Santiago,Brooklyn Nine-Nine
Charles Boyle,Brooklyn Nine-Nine
Raymond Holt,Brooklyn Nine-Nine
Clark Kent,Smallville
Chloe Sullivan,Smallville
Lana Lang,Smallville
Lex Luthor,Smallville
Lionel Luthor,Smallville
Lois Lane,Smallville
David Mills,Se7en
William Somerset,Se7en
Tracy Mills,Se7en
Fleabag,Fleabag
Claire,Fleabag
Godmother,Fleabag
Tyler Durden,Fight Club
The Narrator,Fight Club
Marla Singer,Fight Club
Dominic Toretto,Fast & Furious
Brian O'Conner,Fast & Furious
Letty Ortiz,Fast & Furious
Mia Toretto,Fast & Furious
Han Lue,Fast & Furious
Gisele Yashar,Fast & Furious
Forrest Gump,Forrest Gump
Jenny Curran,Forrest Gump
Dan Taylor,Forrest Gump
Barry Allen,The Flash
Iris West,The Flash
Caitlin Snow,The Flash
Cisco Ramon,The Flash
Dr. Harry Wells,The Flash
Joe West,The Flash
Nemo,Finding Nemo
Marlin,Finding Nemo
Dory,Finding Nemo
Lucy MacLean,Fallout
Maximus,Fallout
Cooper Howard,Fallout
Norm MacLean,Fallout
Betty Pearson,Fallout
Chet,Fallout
Ted Mosby,How I Met Your Mother
Marshall Eriksen,How I Met Your Mother
Robin Scherbatsky,How I Met Your Mother
Barney Stinson,How I Met Your Mother
Lily Aldrin,How I Met Your Mother
Jesse,Before Sunrise
Céline,Before Sunrise
William Adama,Battlestar Galactica
Laura Roslin,Battlestar Galactica
Kara 'Starbuck' Thrace,Battlestar Galactica
Lee 'Apollo' Adama,Battlestar Galactica
Gaius Baltar,Battlestar Galactica
Number Six,Battlestar Galactica
Sharon 'Boomer' Valerii,Battlestar Galactica
Saul Tigh,Battlestar Galactica
Galen Tyrol,Battlestar Galactica
Karl 'Helo' Agathon,Battlestar Galactica
Felix Gaeta,Battlestar Galactica
Anastasia Dualla,Battlestar Galactica
Billy Keikeya,Battlestar Galactica
Cally Henderson,Battlestar Galactica
Samuel 'Longshot' Anders,Battlestar Galactica
Regina Mills,Once Upon a Time
Mr. Gold,Once Upon a Time
Henry Mills,Once Upon a Time
Emma Swan,Once Upon a Time
Mary Margaret Blanchard,Once Upon a Time
David Nolan,Once Upon a Time
Captain Killian 'Hook' Jones,Once Upon a Time
Belle French,Once Upon a Time
Zelena,Once Upon a Time
Granny Lucas,Once Upon a Time
Sutter Keely,The Spectacular Now
Aimee Finecky,The Spectacular Now
Rachel Green,Friends
Monica Geller,Friends
Phoebe Buffay,Friends
Joey Tribbiani,Friends
Chandler Bing,Friends
Ross Geller,Friends
Selina Meyer,Veep
Amy Brookheimer,Veep
Gary Walsh,Veep
Dan Egan,Veep
Jonah Ryan,Veep
Mike McLintock,Veep
Don Lockwood,Singin' in the Rain
Kathy Selden,Singin' in the Rain
Cosmo Brown,Singin' in the Rain
Li Mu Bai,"Crouching Tiger, Hidden Dragon"
Yu Shu Lien,"Crouching Tiger, Hidden Dragon"
Jen Yu,"Crouching Tiger, Hidden Dragon"
Danny Ocean,Ocean's 11
Rusty Ryan,Ocean's 11
Linus Caldwell,Ocean's 11
Basher Tarr,Ocean's 11
Terry Benedict,Ocean's 11
Tess Ocean,Ocean's 11
Jonah Simms,Superstore
Dina Fox,Superstore
Garrett McNeill,Superstore
Mateo Liwanag,Superstore
Glenn Sturgis,Superstore
Amy Sosa,Superstore
Andy Dufresne,The Shawshank Redemption
Ellis Boyd 'Red' Redding,The Shawshank Redemption
Samuel Norton,The Shawshank Redemption
Heywood,The Shawshank Redemption
Byron Hadley,The Shawshank Redemption
Brooks Hatlen,The Shawshank Redemption
Stan Marsh,South Park
Kyle Broflovski,South Park
Eric Cartman,South Park
Kenny McCormick,South Park
Leopold 'Butters' Stotch,South Park
Indiana Jones,Raiders of the Lost Ark
Marion Ravenwood,Raiders of the Lost Ark
Dr. Rene Belloq,Raiders of the Lost Ark
Major Arnold Toht,Raiders of the Lost Ark
Sallah,Raiders of the Lost Ark
Dr. Marcus Brody,Raiders of the Lost Ark
Richard Hendricks,Silicon Valley
Erlich Bachman,Silicon Valley
Nelson Bighetti,Silicon Valley
Bertram Gilfoyle,Silicon Valley
Dinesh Chugtai,Silicon Valley
Peter Gregory,Silicon Valley
Monica Hall,Silicon Valley
Jared Dunn,Silicon Valley
Gavin Belson,Silicon Valley
Jian-Yang,Silicon Valley
Sam Winchester,Supernatural
Dean Winchester,Supernatural
Castiel,Supernatural
Joyce Byers,Stranger Things
Jim Hopper,Stranger Things
Mike Wheeler,Stranger Things
Eleven,Stranger Things
Dustin Henderson,Stranger Things
Lucas Sinclair,Stranger Things
Nancy Wheeler,Stranger Things
Jonathan Byers,Stranger Things
Steve Harrington,Stranger Things
Karen Wheeler,Stranger Things
Will Byers,Stranger Things
Max Mayfield,Stranger Things
Erica Sinclair,Stranger Things
Billy Hargrove,Stranger Things
Robin Buckley,Stranger Things
Miriam Maisel,The Marvelous Mrs. Maisel
Susie Myerson,The Marvelous Mrs. Maisel
Joel Maisel,The Marvelous Mrs. Maisel
Rose Weissman,The Marvelous Mrs. Maisel
Abe Weissman,The Marvelous Mrs. Maisel
Donna Sheridan,Mamma Mia!
Sophie Sheridan,Mamma Mia!
Tanya Chesham-Leigh,Mamma Mia!
Rosie Mulligan,Mamma Mia!
Sam Carmichael,Mamma Mia!
Harry Bright,Mamma Mia!
Bill Anderson,Mamma Mia!
Sky Ramand,Mamma Mia!
Pepper,Mamma Mia!
Ali,Mamma Mia!
Mark Zuckerberg,The Social Network
Eduardo Saverin,The Social Network
Sean Parker,The Social Network
Tyler Winklevoss,The Social Network
Divya Narendra,The Social Network
Christy Lee,The Social Network
Sailor Moon,Sailor Moon
Tuxedo Mask,Sailor Moon
Sailor Mercury,Sailor Moon
Sailor Mars,Sailor Moon
Sailor Jupiter,Sailor Moon
Sailor Venus,Sailor Moon
Nathaniel 'Hawkeye' Poe,The Last of the Mohicans
Cora Munro,The Last of the Mohicans
Carrie Bradshaw,Sex and the City
Charlotte York,Sex and the City
Miranda Hobbes,Sex and the City
Samantha Jones,Sex and the City
Mr. Big,Sex and the City
Steve Brady,Sex and the City
Seth,Superbad
Evan,Superbad
Fogell (McLovin),Superbad
Jules,Superbad
Becca,Superbad
Officer Slater,Superbad
Jackson 'Jax' Teller,Sons of Anarchy
Gemma Teller Morrow,Sons of Anarchy
Robert 'Bobby Elvis' Munson,Sons of Anarchy
Alexander 'Tig' Trager,Sons of Anarchy
Filip 'Chibs' Telford,Sons of Anarchy
Kara Danvers,Supergirl
Alex Danvers,Supergirl
J'onn J'onzz,Supergirl
James Olsen,Supergirl
Lena Luthor,Supergirl
Winn Schott,Supergirl
Jerry Seinfeld,Seinfeld
George Costanza,Seinfeld
Elaine Benes,Seinfeld
Cosmo Kramer,Seinfeld
Morty Seinfeld,Seinfeld
Helen Seinfeld,Seinfeld
Otis Milburn,Sex Education
Jean Milburn,Sex Education
Maeve Wiley,Sex Education
Eric Effiong,Sex Education
Adam Groff,Sex Education
Jackson Marchetti,Sex Education
Aimee Gibbs,Sex Education
Michael Groff,Sex Education
Lily Iglehart,Sex Education
Ola Nyman,Sex Education
Shaun,Shaun of the Dead
Ed,Shaun of the Dead
Liz,Shaun of the Dead
Michael Desiato,Your Honor
Gina Baxter,Your Honor
Jimmy Baxter,Your Honor
Shauna,Yellowjackets
Taissa,Yellowjackets
Jackie,Yellowjackets
Natalie,Yellowjackets
Misty,Yellowjackets
Ben Scott,Yellowjackets
Sabrina Spellman,Chilling Adventures of Sabrina
Harvey Kinkle,Chilling Adventures of Sabrina
Hilda Spellman,Chilling Adventures of Sabrina
Ambrose Spellman,Chilling Adventures of Sabrina
Mary Wardwell,Chilling Adventures of Sabrina
Rosalind Walker,Chilling Adventures of Sabrina
Prudence Night,Chilling Adventures of Sabrina
Agatha,Chilling Adventures of Sabrina
Father Faustus Blackwood,Chilling Adventures of Sabrina
Zelda Spellman,Chilling Adventures of Sabrina
Kimmy Schmidt,Unbreakable Kimmy Schmidt
Titus Andromedon,Unbreakable Kimmy Schmidt
Lillian Kaushtupper,Unbreakable Kimmy Schmidt
Jacqueline White,Unbreakable Kimmy Schmidt
Cyndee Pokorny,Unbreakable Kimmy Schmidt
Hal Wilkerson,Malcolm in the Middle
Reese Wilkerson,Malcolm in the Middle
Dewey Wilkerson,Malcolm in the Middle
Lois Wilkerson,Malcolm in the Middle
Francis Wilkerson,Malcolm in the Middle
Malcolm Wilkerson,Malcolm in the Middle
Philip J. Fry,Futurama
Turanga Leela,Futurama
Bender Bending Rodriguez,Futurama
Professor Hubert J. Farnsworth,Futurama
Amy Wong,Futurama
Hermes Conrad,Futurama
Dr. John A. Zoidberg,Futurama
Zapp Brannigan,Futurama
Kif Kroker,Futurama
Carol 'Mom' Miller,Futurama
Ethan Ryan MacManus,Ctrl+Alt+Del
Lucas Davidowicz,Ctrl+Alt+Del
Lilah MacManus,Ctrl+Alt+Del
Maddie Barker,No Hard Feelings
Percy Becker,No Hard Feelings
Clarissa Dalloway,Mrs Dalloway
Piper Chapman,Orange is the New Black
Alex Vause,Orange is the New Black
Sam Healy,Orange is the New Black
Red Reznikov,Orange is the New Black
Crazy Eyes,Orange is the New Black
Taystee Jefferson,Orange is the New Black
Nicky Nichols,Orange is the New Black
Pennsatucky Doggett,Orange is the New Black
Lorna Morello,Orange is the New Black
Flaca Gonzales,Orange is the New Black
Sally Albright,When Harry Met Sally...
Harry Burns,When Harry Met Sally...
Jean Valjean,Les Misérables
Javert,Les Misérables
Fantine,Les Misérables
Cosette,Les Misérables
Marius Pontmercy,Les Misérables
Simba,The Lion King
Nala,The Lion King
Timon,The Lion King
Pumbaa,The Lion King
Scar,The Lion King
Mufasa,The Lion King
Jo March,Little Women
Meg March,Little Women
Amy March,Little Women
Beth March,Little Women
Marmee March,Little Women
Theodore Laurence,Little Women
Lucifer Morningstar,Lucifer
Chloe Decker,Lucifer
Dan Espinoza,Lucifer
Amenadiel,Lucifer
Mazikeen,Lucifer
Linda Martin,Lucifer
Lilo Pelekai,Lilo & Stitch
Nani Pelekai,Lilo & Stitch
Dr. Jumba Jookiba,Lilo & Stitch
Agt. Wendell Pleakley,Lilo & Stitch
Cobra Bubbles,Lilo & Stitch
Stitch,Lilo & Stitch
Dallas,Alien
Ellen Ripley,Alien
Lambert,Alien
Ash,Alien
the Alien,Alien
Parker,Alien
Patrizia Reggiani,House of Gucci
Maurizio Gucci,House of Gucci
Kathryn Janeway,Star Trek: Voyager
Chakotay,Star Trek: Voyager
B'Elanna Torres,Star Trek: Voyager
Tom Paris,Star Trek: Voyager
Neelix,Star Trek: Voyager
The Doctor,Star Trek: Voyager
Tuvok,Star Trek: Voyager
Harry Kim,Star Trek: Voyager
Seven of Nine,Star Trek: Voyager
Kes,Star Trek: Voyager
Evelyn Quan Wang,Everything Everywhere All at Once
Joy Wang,Everything Everywhere All at Once
Waymond Wang,Everything Everywhere All at Once
Maximus,Gladiator
Commodus,Gladiator
Lucilla,Gladiator
Kim Ki-taek,Parasite
Park Dong-ik,Parasite
Choi Yeon-gyo,Parasite
Kim Ki-woo,Parasite
Kim Ki-jung,Parasite
Chung-sook,Parasite
Raymond 'Red' Reddington,The Blacklist
Elizabeth Keen,The Blacklist
Donald Ressler,The Blacklist
Harold Cooper,The Blacklist
Dembe Zuma,The Blacklist
Aram Mojtabai,The Blacklist
Phil Connors,Groundhog Day
Rita Hanson,Groundhog Day
Dr. Horrible,Dr. Horrible's Sing-Along Blog
Captain Hammer,Dr. Horrible's Sing-Along Blog
Penny,Dr. Horrible's Sing-Along Blog
Eric Taylor,Friday Night Lights
Tami Taylor,Friday Night Lights
Smash Williams,Friday Night Lights
Matt Saracen,Friday Night Lights
Lyla Garrity,Friday Night Lights
Tim Riggins,Friday Night Lights
Tyra Collette,Friday Night Lights
Landry Clarke,Friday Night Lights
Jason Street,Friday Night Lights
Julie Taylor,Friday Night Lights
Johnny Rose,Schitt's Creek
Moira Rose,Schitt's Creek
David Rose,Schitt's Creek
Alexis Rose,Schitt's Creek
Stevie Budd,Schitt's Creek
Ted Mullens,Schitt's Creek
Littlefoot,The Land Before Time
Cera,The Land Before Time
Ducky,The Land Before Time
Petrie,The Land Before Time
Spike,The Land Before Time
Clarke Griffin,The 100
Bellamy Blake,The 100
Octavia Blake,The 100
Raven Reyes,The 100
Dr. Abigail Griffin,The 100
John Murphy,The 100
Marcus Kane,The 100
Monty Green,The 100
Nathan Miller,The 100
Thelonious Jaha,The 100
Archie Andrews,Riverdale
Betty Cooper,Riverdale
Veronica Lodge,Riverdale
Jughead Jones,Riverdale
Kevin Keller,Riverdale
Cheryl Blossom,Riverdale
Alice Cooper,Riverdale
Hiram Lodge,Riverdale
Toni Topaz,Riverdale
Reggie Mantle,Riverdale
Hermione Lodge,Riverdale
FP Jones,Riverdale
Fangs Fogarty,Riverdale
Tom Keller,Riverdale
Pop Tate,Riverdale
Remy,Ratatouille
Alfredo Linguini,Ratatouille
Chef Skinner,Ratatouille
Jack Ryan,Tom Clancy's Jack Ryan
James Greer,Tom Clancy's Jack Ryan
Mike November,Tom Clancy's Jack Ryan
Olivia Pope,Scandal
Abby Whelan,Scandal
Quinn Perkins,Scandal
Huck,Scandal
Cyrus Beene,Scandal
David Rosen,Scandal
Mellie Grant,Scandal
Fitzgerald Grant,Scandal
Jake Ballard,Scandal
Rowan Pope,Scandal
Rick Sanchez,Rick and Morty
Morty Smith,Rick and Morty
Summer Smith,Rick and Morty
Jyn Erso,Rogue One
Cassian Andor,Rogue One
Robin Hood,Robin Hood
Maid Marian,Robin Hood
Little John,Robin Hood
Friar Tuck,Robin Hood
Prince John,Robin Hood
Sheriff of Nottingham,Robin Hood
Romeo Montague,Romeo and Juliet
Juliet Capulet,Romeo and Juliet
Friar Laurence,Romeo and Juliet
Mercutio,Romeo and Juliet
The Nurse,Romeo and Juliet
Benvolio,Romeo and Juliet
Westley,The Princess Bride
Buttercup,The Princess Bride
Inigo Montoya,The Princess Bride
Prince Humperdinck,The Princess Bride
Vizzini,The Princess Bride
Sayid Jarrah,LOST
Claire Littleton,LOST
Jack Shephard,LOST
Hugo 'Hurley' Reyes,LOST
Shannon Rutherford,LOST
James 'Sawyer' Ford,LOST
Benjamin Linus,LOST
Jin-Soo Kwon,LOST
Michael Dawson,LOST
Desmond Hume,LOST
Sun-Hwa Kwon,LOST
Kate Austen,LOST
Charlie Pace,LOST
John Locke,LOST
Juliet Burke,LOST
Cassie Thomas,Promising Young Woman
Ryan Cooper,Promising Young Woman
Norman Bates,Psycho
Marion Crane,Psycho
Lila Crane,Psycho
Joe Bradley,Roman Holiday
Princess Ann,Roman Holiday
Shinji Ikari,Neon Genesis Evangelion
Misato Katsuragi,Neon Genesis Evangelion
Ritsuko Akagi,Neon Genesis Evangelion
Rei Ayanami,Neon Genesis Evangelion
Asuka Langly Soryu,Neon Genesis Evangelion
Kozo Fuyutsuki,Neon Genesis Evangelion
Phil Coulson,Agents of S.H.I.E.L.D.
Melinda May,Agents of S.H.I.E.L.D.
Daisy 'Skye' Johnson,Agents of S.H.I.E.L.D.
Jemma Simmons,Agents of S.H.I.E.L.D.
Leo Fitz,Agents of S.H.I.E.L.D.
Alphonso 'Mack' Mackenzie,Agents of S.H.I.E.L.D.
Snow White,Snow White and the Seven Dwarfs
The Queen,Snow White and the Seven Dwarfs
Doc,Snow White and the Seven Dwarfs
Thomas Shelby,Peaky Blinders
Arthur Shelby,Peaky Blinders
Aunt Polly,Peaky Blinders
Ada Shelby,Peaky Blinders
Charlie Strong,Peaky Blinders
Michael Gray,Peaky Blinders
Charlie Cale,Poker Face
Caleb Smith,Ex Machina
Nathan Bateman,Ex Machina
Ava,Ex Machina
Nick Stokes,CSI: Crime Scene Investigation
Greg Sanders,CSI: Crime Scene Investigation
Al Robbins,CSI: Crime Scene Investigation
Captain Jim Brass,CSI: Crime Scene Investigation
Sara Sidle,CSI: Crime Scene Investigation
David Phillips,CSI: Crime Scene Investigation
Hannah Horvath,Girls
Marnie Michaels,Girls
Jessa Johansson,Girls
Shoshanna Shapiro,Girls
Adam Sackler,Girls
Ray Ploshansky,Girls
Elisa Esposito,The Shape of Water
The Amphibian Man,The Shape of Water
Ender Wiggin,Ender's Game
Colonel Graff,Ender's Game
Petra Arkanian,Ender's Game
Valentine Wiggin,Ender's Game
Peter Wiggin,Ender's Game
Bean,Ender's Game
Bob Belcher,Bob's Burgers
Linda Belcher,Bob's Burgers
Tina Belcher,Bob's Burgers
Gene Belcher,Bob's Burgers
Louise Belcher,Bob's Burgers
Eric Murphy,Entourage
Vincent Chase,Entourage
Johnny 'Drama' Chase,Entourage
Turtle,Entourage
Ari Gold,Entourage
Molly Davidson,Booksmart
Amy Antsler,Booksmart
Rue Bennett,Euphoria
Jules Vaughn,Euphoria
Cassie Howard,Euphoria
Nate Jacobs,Euphoria
Lexi Howard,Euphoria
Maddy Perez,Euphoria
Frank Gallagher,Shameless
Carl Gallagher,Shameless
Lip Gallagher,Shameless
Veronica Fisher,Shameless
Kevin Ball,Shameless
Debbie Gallagher,Shameless
Ian Gallagher,Shameless
Fiona Gallagher,Shameless
Tommy,Shameless
Kermit,Shameless
Emily Cooper,Emily in Paris
Sylvie Grateau,Emily in Paris
Mindy Chen,Emily in Paris
Gabriel,Emily in Paris
Julien,Emily in Paris
Luc,Emily in Paris
John Carter,ER
Kerry Weaver,ER
Chuny Marquez,ER
Malik McGrath,ER
Abby Lockhart,ER
Luka Kovac,ER
Kumail Nanjiani,The Big Sick
Emily Gardner,The Big Sick
Kurt Hummel,Glee
Sue Sylvester,Glee
Rachel Berry,Glee
Will Schuester,Glee
Artie Abrams,Glee
Santana Lopez,Glee
Tina Cohen-Chang,Glee
Mercedes Jones,Glee
Noah Puckerman,Glee
Brittany Pierce,Glee
Sam Evans,Glee
Blaine Anderson,Glee
Mike Chang,Glee
Finn Hudson,Glee
Emma Pillsbury,Glee
Marty McFly,Back to the Future
Doc Brown,Back to the Future
Jennifer Parker,Back to the Future
Elinor Dashwood,Sense and Sensibility
Marianne Dashwood,Sense and Sensibility
Colonel Brandon,Sense and Sensibility
Edward Ferrars,Sense and Sensibility
John Willoughby,Sense and Sensibility
Ferris Bueller,Ferris Bueller's Day Off
Cameron Frye,Ferris Bueller's Day Off
Sloane Peterson,Ferris Bueller's Day Off
Charlie Kelly,It's Always Sunny in Philadelphia
Dennis Reynolds,It's Always Sunny in Philadelphia
Mac,It's Always Sunny in Philadelphia
Dee Reynolds,It's Always Sunny in Philadelphia
Frank Reynolds,It's Always Sunny in Philadelphia
Archie 'Snake' Simpson,Degrassi: The Next Generation
Clare Edwards,Degrassi: The Next Generation
Alli Bhandari,Degrassi: The Next Generation
Connor Deslauriers,Degrassi: The Next Generation
Gavin 'Spinner' Mason,Degrassi: The Next Generation
Emma Nelson,Degrassi: The Next Generation
Manny Santos,Degrassi: The Next Generation
Drew Torres,Degrassi: The Next Generation
Jenna Middleton,Degrassi: The Next Generation
Liberty Van Zandt,Degrassi: The Next Generation
Benjamin 'Hawkeye' Pierce,M*A*S*H
Margaret 'Hot Lips' Houlihan,M*A*S*H
Maxwell Klinger,M*A*S*H
Francis Mulcahy,M*A*S*H
Frank Burns,M*A*S*H
Walter 'Radar' O'Reilly,M*A*S*H
Jack Maine,A Star Is Born
Ally Maine,A Star Is Born
Temperance Brennan,Bones
Seeley Booth,Bones
Angela Montenegro,Bones
Jack Hodgins,Bones
Camille Saroyan,Bones
Richard Castle,Castle
Kate Beckett,Castle
Martha Rodgers,Castle
Javier Esposito,Castle
Kevin Ryan,Castle
Alexis Castle,Castle
Wolverine,X-Men
Professor X,X-Men
Magneto,X-Men
Mystique,X-Men
Jean Grey,X-Men
Cyclops,X-Men
Storm,X-Men
Rogue,X-Men
Iceman,X-Men
Colossus,X-Men
James Gordon,Gotham
Harvey Bullock,Gotham
Bruce Wayne,Gotham
Oswald Cobblepot,Gotham
Selina Kyle,Gotham
Edward Nygma,Gotham
Alfred Pennyworth,Gotham
Barbara Kean,Gotham
Leslie Thompkins,Gotham
Lucius Fox,Gotham
Geralt of Rivia,The Witcher
Ciri,The Witcher
Yennefer,The Witcher
Fringilla,The Witcher
Cahir,The Witcher
Tissaia,The Witcher
Dara,The Witcher
Triss,The Witcher
Jaskier,The Witcher
Istredd,The Witcher
Fox Mulder,The X-Files
Dana Scully,The X-Files
Walter Skinner,The X-Files
Johnny,The Room
Lisa,The Room
Mark,The Room
Denny,The Room
Peter,The Room
Michelle,The Room
Leonard Hofstadter,The Big Bang Theory
Sheldon Cooper,The Big Bang Theory
Penny,The Big Bang Theory
Howard Wolowitz,The Big Bang Theory
Raj Koothrappali,The Big Bang Theory
Leslie Winkle,The Big Bang Theory
Bernadette Rostenkowski,The Big Bang Theory
Amy Farrah Fowler,The Big Bang Theory
Stuart Bloom,The Big Bang Theory
Mary Cooper,The Big Bang Theory
Princess Ariel,The Little Mermaid
Ursula,The Little Mermaid
Flounder,The Little Mermaid
Charles-Haden Savage,Only Murders in the Building
Oliver Putnam,Only Murders in the Building
Mabel Mora,Only Murders in the Building
Howard Morris,Only Murders in the Building
Uma Heller,Only Murders in the Building
Villanelle,Killing Eve
Eve Polastri,Killing Eve
Carolyn Martens,Killing Eve
Konstantin,Killing Eve
Niko Polastri,Killing Eve
Kenny Stowton,Killing Eve
Blondie,"The Good, the Bad, and the Ugly"
Angel Eyes,"The Good, the Bad, and the Ugly"
Tuco,"The Good, the Bad, and the Ugly"
Jack Traven,Speed
Howard Payne,Speed
Annie Porter,Speed
Light Yagami,Death Note
Touta Matsuda,Death Note
Shuichi Aizawa,Death Note
Ryuk,Death Note
Soichiro Yagami,Death Note
Hideki Ide,Death Note
L,Death Note
Misa Amane,Death Note
Kanzo Mogi,Death Note
Watari,Death Note
Bruce Wayne,The Dark Knight
Alfred Pennyworth,The Dark Knight
The Joker,The Dark Knight
James Gordon,The Dark Knight
Harvey Dent,The Dark Knight
Rachel Dawes,The Dark Knight
Lucius Fox,The Dark Knight
Anthony Garcia,The Dark Knight
Lau,The Dark Knight
Sal Maroni,The Dark Knight
Susan Mayer,Desperate Housewives
Lynette Scavo,Desperate Housewives
Bree Van de Kamp,Desperate Housewives
Gabrielle Solis,Desperate Housewives
Edie Britt,Desperate Housewives
Carlos Solis,Desperate Housewives
Julie Mayer,Desperate Housewives
Mary Alice Young,Desperate Housewives
Mike Delfino,Desperate Housewives
Tom Scavo,Desperate Housewives
Frances 'Baby' Houseman,Dirty Dancing
Johnny Castle,Dirty Dancing
"Robert Crawley, 7th Earl of Grantham",Downton Abbey
Lady Sybil Crawley,Downton Abbey
Lady Edith Crawley,Downton Abbey
Charlie Carson,Downton Abbey
John Bates,Downton Abbey
Lady Mary Crawley,Downton Abbey
Sarah O'Brien,Downton Abbey
Anna Bates,Downton Abbey
Elsie Carson,Downton Abbey
William Mason,Downton Abbey
Thomas Barrow,Downton Abbey
"Cora Crawley, Countess of Grantham",Downton Abbey
Daisy Mason,Downton Abbey
Beryl Patmore,Downton Abbey
"Violet Crawley, Dowager Countess of Grantham",Downton Abbey
Kat Stratford,10 Things I Hate About You
Patrick Verona,10 Things I Hate About You
Cameron James,10 Things I Hate About You
Bianca Stratford,10 Things I Hate About You
Walter Stratford,10 Things I Hate About You
Joey Donner,10 Things I Hate About You
Tom Hansen,(500) Days of Summer
Summer Finn,(500) Days of Summer
Don Quijote,Don Quixote
Sancho Panza,Don Quixote
Alicia Florrick,The Good Wife
Cary Agos,The Good Wife
Diane Lockhart,The Good Wife
Kalinda Sharma,The Good Wife
Will Gardner,The Good Wife
Grace Florrick,The Good Wife
Dr. Shaun Murphy,The Good Doctor
Dr. Claire Browne,The Good Doctor
Dr. Marcus Andrews,The Good Doctor
Dr. Aaron Glassman,The Good Doctor
Dr. Neil Melendez,The Good Doctor
Dr. Audrey Lim,The Good Doctor
Sam Witwicky,Transformers
Mikaela Banes,Transformers
Bumblebee,Transformers
Optimus Prime,Transformers
Megatron,Transformers
Pete Mitchell,Top Gun: Maverick
Bradley Bradshaw,Top Gun: Maverick
Penelope Benjamin,Top Gun: Maverick
Lorelai Gilmore,Gilmore Girls
Rory Gilmore,Gilmore Girls
Lane Kim,Gilmore Girls
Luke Danes,Gilmore Girls
Michel Gerard,Gilmore Girls
Emily Gilmore,Gilmore Girls
Richard Gilmore,Gilmore Girls
Sookie St. James,Gilmore Girls
Kirk Gleason,Gilmore Girls
Paris Geller,Gilmore Girls
Miss Patty,Gilmore Girls
Dean Forester,Gilmore Girls
Logan Huntzberger,Gilmore Girls
Jackson Belleville,Gilmore Girls
Taylor Doose,Gilmore Girls
Serena van der Woodsen,Gossip Girl
Blair Waldorf,Gossip Girl
Dan Humphrey,Gossip Girl
Nate Archibald,Gossip Girl
Chuck Bass,Gossip Girl
Lily van der Woodsen,Gossip Girl
Rufus Humphrey,Gossip Girl
Jenny Humphrey,Gossip Girl
Vanessa Abrams,Gossip Girl
Dorota Kishlovsky,Gossip Girl
Pat Solitano,Silver Linings Playbook
Tiffany Maxwell,Silver Linings Playbook
Carmen Berzatto,The Bear
Sydney Adamu,The Bear
Richard Jerimovich,The Bear
Marcus,The Bear
Tina,The Bear
Natalie Berzatto,The Bear
Neil Fak,The Bear
Ebraheim,The Bear
Gary Woods,The Bear
Manny,The Bear
Sam Baldwin,Sleepless in Seattle
Annie Reed,Sleepless in Seattle
Applejack,My Little Pony: Friendship Is Magic
Twilight Sparkle,My Little Pony: Friendship Is Magic
Rarity,My Little Pony: Friendship Is Magic
Pinkie Pie,My Little Pony: Friendship Is Magic
Spike,My Little Pony: Friendship Is Magic
Princess Celestia,My Little Pony: Friendship Is Magic
Jon Snow,Game of Thrones
Tyrion Lannister,Game of Thrones
Daenerys Targaryen,Game of Thrones
Sansa Stark,Game of Thrones
Arya Stark,Game of Thrones
Jaime Lannister,Game of Thrones
Samwell Tarly,Game of Thrones
Jorah Mormont,Game of Thrones
Theon Greyjoy,Game of Thrones
Petyr Baelish,Game of Thrones
Davos Seaworth,Game of Thrones
Eddard Stark,Game of Thrones
Brandon Stark,Game of Thrones
Brienne of Tarth,Game of Thrones
Sandor Clegane,Game of Thrones
Varys,Game of Thrones
Catelyn Stark,Game of Thrones
Tywin Lannister,Game of Thrones
Margaery Tyrell,Game of Thrones
Robb Stark,Game of Thrones
Bronn,Game of Thrones
Stannis Baratheon,Game of Thrones
Joffrey Baratheon,Game of Thrones
Melisandre,Game of Thrones
Olenna Tyrell,Game of Thrones
Ygritte,Game of Thrones
Cersei Lannister,Game of Thrones
Shae,Game of Thrones
Oberyn Martell,Game of Thrones
Asha Greyjoy,Game of Thrones
Macbeth,Macbeth
Lady Macbeth,Macbeth
Dana Polk,The Cabin in the Woods
Curt Vaughan,The Cabin in the Woods
Jules Louden,The Cabin in the Woods
Marty Mikalski,The Cabin in the Woods
Holden McCrea,The Cabin in the Woods
Steve Hadley,The Cabin in the Woods
Beth Harmon,The Queen's Gambit
Georgia Miller,Ginny & Georgia
Ginny Miller,Ginny & Georgia
Marcus Baker,Ginny & Georgia
Maxine Baker,Ginny & Georgia
Abby Littman,Ginny & Georgia
Norah,Ginny & Georgia
Austin Miller,Ginny & Georgia
Mayor Paul Randolph,Ginny & Georgia
Joe,Ginny & Georgia
Ellen Baker,Ginny & Georgia
Hunter Chen,Ginny & Georgia
Nick Throop,Ginny & Georgia
Cynthia Fuller,Ginny & Georgia
PI Gabriel Cordova,Ginny & Georgia
Matt Press,Ginny & Georgia
Tony Stark,Marvel Cinematic Universe
Captain America,Marvel Cinematic Universe
Black Widow,Marvel Cinematic Universe
Bruce Banner,Marvel Cinematic Universe
Captain Marvel,Marvel Cinematic Universe
Thor,Marvel Cinematic Universe
Nick Fury,Marvel Cinematic Universe
Dr. Strange,Marvel Cinematic Universe
Black Panther,Marvel Cinematic Universe
Gamora,Marvel Cinematic Universe
Thanos,Marvel Cinematic Universe
Peggy Carter,Marvel Cinematic Universe
Loki,Marvel Cinematic Universe
Hawkeye,Marvel Cinematic Universe
Peter Jason Quill,Marvel Cinematic Universe
Naruto Uzumaki,Naruto
Sasuke Uchiha,Naruto
Sakura Haruno,Naruto
Kakashi Hatake,Naruto
Shikamaru Nara,Naruto
Wynonna Earp,Wynonna Earp
Doc Holliday,Wynonna Earp
Waverly Earp,Wynonna Earp
Nicole Haught,Wynonna Earp
Jeremy Chetri,Wynonna Earp
Rick Grimes,The Walking Dead
Shane Walsh,The Walking Dead
Lori Grimes,The Walking Dead
Andrea,The Walking Dead
Dale Horvath,The Walking Dead
Glenn Rhee,The Walking Dead
Carl Grimes,The Walking Dead
Daryl Dixon,The Walking Dead
Carol Peletier,The Walking Dead
Merle Dixon,The Walking Dead
Neal Caffrey,White Collar
Peter Burke,White Collar
Mozzie,White Collar
Elizabeth Burke,White Collar
Clinton Jones,White Collar
Diana Barrigan,White Collar
Dorothy Gale,The Wizard of Oz
The Wizard of Oz,The Wizard of Oz
The Scarecrow,The Wizard of Oz
The Tin Man,The Wizard of Oz
The Cowardly Lion,The Wizard of Oz
The Wicked Witch of the West,The Wizard of Oz
Jane Villanueva,Jane the Virgin
Xiomara Villanueva,Jane the Virgin
Petra Solano,Jane the Virgin
Alba Villanueva,Jane the Virgin
Rogelio De La Vega,Jane the Virgin
Rafael Solano,Jane the Virgin
John Wick,John Wick
Dr. Alan Grant,Jurassic Park
Dr. Ellie Sattler,Jurassic Park
Dr. Ian Malcolm,Jurassic Park
John Hammond,Jurassic Park
Ray Arnold,Jurassic Park
Dennis Nedry,Jurassic Park
Nick Dunne,Gone Girl
Amy Elliott Dunne,Gone Girl
Margo Dunne,Gone Girl
Josiah Bartlet,The West Wing
Leo McGarry,The West Wing
Josh Lyman,The West Wing
Toby Ziegler,The West Wing
Sam Seaborn,The West Wing
C. J. Cregg,The West Wing
Charlie Young,The West Wing
Donna Moss,The West Wing
Abbey Bartlet,The West Wing
Joey Lucas,The West Wing
Wanda Maximoff,WandaVision
Vision,WandaVision
Agatha Harkness,WandaVision
Moiraine Damodred,Wheel of Time
Nynaeve al'Meara,Wheel of Time
Egwene al'Vere,Wheel of Time
Rand al'Thor,Wheel of Time
Perrin Aybara,Wheel of Time
Mat Cauthon,Wheel of Time
Jim Holden,The Expanse
Naomi Nagata,The Expanse
Amos Burton,The Expanse
Chrisjen Avasarala,The Expanse
Alex Kamal,The Expanse
Bobbie Draper,The Expanse
Jane Eyre,Jane Eyre
Edward Fairfax Rochester,Jane Eyre
Jennifer Check,Jennifer's Body
Anita 'Needy' Lesnicki,Jennifer's Body
Chip Dove,Jennifer's Body
Larry David,Curb Your Enthusiasm
Jeff Greene,Curb Your Enthusiasm
Cheryl David,Curb Your Enthusiasm
Troy Bolton,High School Musical
Gabriella Montez,High School Musical
Sharpay Evans,High School Musical
Ryan Evans,High School Musical
Chad Danforth,High School Musical
Taylor McKessie,High School Musical
Ennis Del Mar,Brokeback Mountain
Jack Twist,Brokeback Mountain
Alexander Hamilton,Hamilton
Eliza Hamilton,Hamilton
Aaron Burr,Hamilton
Angelica Schuyler,Hamilton
George Washington,Hamilton
King George III,Hamilton
Dr. Gregory House,"House, M.D."
Dr. Lisa Cuddy,"House, M.D."
Dr. James Wilson,"House, M.D."
Dr. Eric Foreman,"House, M.D."
Dr. Robert Chase,"House, M.D."
Dr. Allison Cameron,"House, M.D."
Frank Abagnale,Catch Me If You Can
Carl Hanratty,Catch Me If You Can
Charlie Harper,Two and Half Men
Alan Harper,Two and Half Men
Jake Harper,Two and Half Men
Berta,Two and Half Men
Evelyn Harper,Two and Half Men
Judith Harper-Melnick,Two and Half Men
Guy Montag,Fahrenheit 451
Linda Montag,Fahrenheit 451
Clarisse McClellan,Fahrenheit 451
Holly Golightly,Breakfast at Tiffany's
Paul Varjak,Breakfast at Tiffany's
Frodo Baggins,Lord of the Rings
Aragorn,Lord of the Rings
Boromir,Lord of the Rings
Merry Brandybuck,Lord of the Rings
Samwise Gamgee,Lord of the Rings
Gandalf,Lord of the Rings
Gimli,Lord of the Rings
Legolas,Lord of the Rings
Pippin Took,Lord of the Rings
Gollum,Lord of the Rings
Rachel Chu,Crazy Rich Asians
Nick Young,Crazy Rich Asians
Eleanor Sung-Young,Crazy Rich Asians
Goh Peik Lin,Crazy Rich Asians
Astrid Leong-Teo,Crazy Rich Asians
Colin Khoo,Crazy Rich Asians
Leslie Knope,Parks and Recreation
Ann Perkins,Parks and Recreation
Mark Brendanawicz,Parks and Recreation
Tom Haverford,Parks and Recreation
Ron Swanson,Parks and Recreation
April Ludgate,Parks and Recreation
Jerry Gergich,Parks and Recreation
Donna Meagle,Parks and Recreation
Ben Wyatt,Parks and Recreation
Chris Traeger,Parks and Recreation
Mr. Darcy,Pride and Prejudice
Elizabeth Bennet,Pride and Prejudice
Mr. William Collins,Pride and Prejudice
George Wickham,Pride and Prejudice
Charles Bingley,Pride and Prejudice
Georgiana Darcy,Pride and Prejudice
Lydia Bennet,Pride and Prejudice
Jane Bennet,Pride and Prejudice
Mrs. Bennet,Pride and Prejudice
Lady Catherine de Bourgh,Pride and Prejudice
Rintarou Okabe,Steins;Gate
Kurisu Makise,Steins;Gate
Mayuri Shiina,Steins;Gate
Itaru Hashida,Steins;Gate
Suzuha Amane,Steins;Gate
Lincoln Burrows,Prison Break
Michael Scofield,Prison Break
Veronica Donovan,Prison Break
Fernando Sucre,Prison Break
"Lincoln 'L.J.' Burrows, Jr.",Prison Break
Brad Bellick,Prison Break
Theodore 'T-Bag' Bagwell,Prison Break
Sara Tancredi,Prison Break
Benjamin Miles 'C-Note' Franklin,Prison Break
John Abruzzi,Prison Break
Jack Sparrow,Pirates of the Caribbean
Hector Barbossa,Pirates of the Caribbean
Joshamee Gibbs,Pirates of the Caribbean
Will Turner,Pirates of the Caribbean
Elizabeth Swann,Pirates of the Caribbean
James Norrington,Pirates of the Caribbean
Jonathan 'Gabe' Gabriel,Penny Arcade
Tycho Brahe,Penny Arcade
Vincent Vega,Pulp Fiction
Jules Winnfield,Pulp Fiction
Mia Wallace,Pulp Fiction
Ringo,Pulp Fiction
Marsellus Wallace,Pulp Fiction
Butch Coolidge,Pulp Fiction
Owen Grady,Jurassic World
Claire Dearing,Jurassic World
Ash Ketchum,Pokémon
Misty,Pokémon
Brock,Pokémon
Professor Oak,Pokémon
Jessie,Pokémon
Jeff Winger,Community
Britta Perry,Community
Abed Nadir,Community
Troy Barnes,Community
Annie Edison,Community
Shirley Bennett,Community
Pierce Hawthorne,Community
Craig Pelton,Community
Ben Chang,Community
Ian Duncan,Community
Hazel Grace Lancaster,The Fault in Our Stars
Augustus 'Gus' Waters,The Fault in Our Stars
Juliana Crain,The Man in the High Castle
Inspector Kido,The Man in the High Castle
John Smith,The Man in the High Castle
Alyssa,The End of the F***ing World
James,The End of the F***ing World
Homer Simpson,The Simpsons
Bart Simpson,The Simpsons
Marge Simpson,The Simpsons
Lisa Simpson,The Simpsons
Apu Nahasapeemapetilon,The Simpsons
Mr. Burns,The Simpsons
Ned Flanders,The Simpsons
Milhouse Van Houten,The Simpsons
Moe Szyslak,The Simpsons
Nelson Muntz,The Simpsons
Krusty the Clown,The Simpsons
Edna Krabappel,The Simpsons
Waylon Smithers,The Simpsons
Barney Gumble,The Simpsons
Principal Skinner,The Simpsons
Maxine Roby,CSI: Vegas
Josh Folsom,CSI: Vegas
Allie Rajan,CSI: Vegas
J. Robert Oppenheimer,Oppenheimer
Kitty Oppenheimer,Oppenheimer
Leslie Groves,Oppenheimer
Noa,Kingdom of the Planet of the Apes
Mae,Kingdom of the Planet of the Apes
Satine,Moulin Rouge!
Christian,Moulin Rouge!
Calvin Weir-Fields,Ruby Sparks
Ruby Tiffany Sparks,Ruby Sparks
Shawn Spencer,Psych
Burton Guster,Psych
Carlton Lassiter,Psych
Juliet O'Hara,Psych
Henry Spencer,Psych
Karen Vick,Psych
Saitama,One Punch Man
Genos,One Punch Man
Mumen Rider,One Punch Man
Will Graham,Hannibal
Dr. Hannibal Lecter,Hannibal
Dr. Alana Bloom,Hannibal
Jack Crawford,Hannibal
Jimmy Price,Hannibal
Brian Zeller,Hannibal
Dr. Bedelia Du Maurier,Hannibal
Beverly Katz,Hannibal
Abigail Hobbs,Hannibal
Freddie Lounds,Hannibal
Anastasia Steele,Fifty Shades of Grey
Christian Grey,Fifty Shades of Grey
Will Hunting,Good Will Hunting
Skylar,Good Will Hunting
Dr. Sean Maguire,Good Will Hunting
Robert Langdon,The Da Vinci Code
Sophie Neveu,The Da Vinci Code
Leigh Teabing,The Da Vinci Code
Scarlett O'Hara,Gone With the Wind
Rhett Butler,Gone With the Wind
Melanie Hamilton,Gone With the Wind
Ashley Wilkes,Gone With the Wind
India Wilkes,Gone With the Wind
Mammy,Gone With the Wind
Tony Johnson,After Life
Matt Braden,After Life
Lenny,After Life
Kath,After Life
Lisa Johnson,After Life
Emma,After Life
Jimmy McGill,Better Call Saul
Mike Ehrmantraut,Better Call Saul
Kim Wexler,Better Call Saul
Howard Hamlin,Better Call Saul
Nacho Varga,Better Call Saul
Chuck McGill,Better Call Saul
Miguel,Coco
Héctor,Coco
Ernesto de la Cruz,Coco
Mamá Imelda,Coco
Mamá Coco,Coco
Amanda LaRusso,Cobra Kai
Samantha LaRusso,Cobra Kai
Robby Keene,Cobra Kai
Daniel LaRusso,Cobra Kai
Miguel Diaz,Cobra Kai
Johnny Lawrence,Cobra Kai
Annalise Keating,How To Get Away With Murder
Nate Lahey,How To Get Away With Murder
Connor Walsh,How To Get Away With Murder
Michaela Pratt,How To Get Away With Murder
Asher Millstone,How To Get Away With Murder
Frank Delfino,How To Get Away With Murder
Bonnie Winterbottom,How To Get Away With Murder
Oliver Hampton,How To Get Away With Murder
Laurel Castillo,How To Get Away With Murder
Wes Gibbins,How To Get Away With Murder
Calvin,Calvin and Hobbes
Hobbes,Calvin and Hobbes
Calvin's dad,Calvin and Hobbes
Calvin's mom,Calvin and Hobbes
Susie Derkins,Calvin and Hobbes
Dr. Spencer Reid,Criminal Minds
Penelope Garcia,Criminal Minds
Jennifer Jareau,Criminal Minds
David Rossi,Criminal Minds
Aaron Hotchner,Criminal Minds
Derek Morgan,Criminal Minds
Rick Blaine,Casablanca
Ilsa Lund,Casablanca
Victor Laszlo,Casablanca
Matthew Casey,Chicago Fire
Kelly Severide,Chicago Fire
Wallace Boden,Chicago Fire
Joe Cruz,Chicago Fire
Randall McHolland,Chicago Fire
Capp,Chicago Fire
Paul Atreides,Dune
Lady Jessica,Dune
Duke Leto Atreides,Dune
Baron Vladimir Harkonnen,Dune
Thufir Hawat,Dune
Chani,Dune
Liz Lemon,30 Rock
Tracy Jordan,30 Rock
Kenneth Parcell,30 Rock
Pete Hornberger,30 Rock
Jack Donaghy,30 Rock
Jenna Maroney,30 Rock
Chris Kyle,American Sniper
Taya Kyle,American Sniper
Marianne,Portrait of a Lady on Fire
Heloise,Portrait of a Lady on Fire
Max Rockatansky,Mad Max: Fury Road
Imperator Furiosa,Mad Max: Fury Road
Nux,Mad Max: Fury Road
Spencer Hastings,Pretty Little Liars
Hanna Marin,Pretty Little Liars
Aria Montgomery,Pretty Little Liars
Emily Fields,Pretty Little Liars
Alison DiLaurentis,Pretty Little Liars
Ezra Fitz,Pretty Little Liars
Ashley Marin,Pretty Little Liars
Mona Vanderwaal,Pretty Little Liars
Caleb Rivers,Pretty Little Liars
Toby Cavanaugh,Pretty Little Liars
Maria,West Side Story
Tony,West Side Story
Riff,West Side Story
Anita,West Side Story
Lieutenant Schrank,West Side Story
Dolores Abernathy,Westworld
Maeve Millay,Westworld
Bernard Lowe,Westworld
Teddy Flood,Westworld
Ashley Stubbs,Westworld
Lee Sizemore,Westworld
Elsie Hughes,Westworld
Man in Black,Westworld
Robert Ford,Westworld
Theresa Cullen,Westworld
Charlotte Hale,Westworld
Akecheta,Westworld
Clementine Pennyfeather,Westworld
Logan Delos,Westworld
Felix Lutz,Westworld
Roderick Usher,The Fall of the House of Usher
Madeline Usher,The Fall of the House of Usher
Verna,The Fall of the House of Usher
Tris Prior,Divergent
Tobias 'Four' Eaton,Divergent
Caleb Prior,Divergent
Sterling Archer,Archer
Malory Archer,Archer
Cyril Figgis,Archer
Cheryl Tunt,Archer
Pamela Poovey,Archer
Lana Kane,Archer
Mulan,Mulan
Mushu,Mulan
Li Shang,Mulan
Yao,Mulan
Chien-Po,Mulan
Ling,Mulan
John Crichton,Farscape
Aeryn Sun,Farscape
Ka D'Argo,Farscape
Dominar Rygel XVI,Farscape
Chiana,Farscape
Scorpius,Farscape
Spike Spiegel,Cowboy Bebop
Jet Black,Cowboy Bebop
Faye Valentine,Cowboy Bebop
Ed,Cowboy Bebop
Vicious,Cowboy Bebop
Julia,Cowboy Bebop
Tony Soprano,The Sopranos
Dr. Jennifer Melfi,The Sopranos
Carmela Soprano,The Sopranos
Christopher Moltisanti,The Sopranos
Junior Soprano,The Sopranos
Silvio Dante,The Sopranos
Paulie 'Walnuts' Gualtieri,The Sopranos
A.J. Soprano,The Sopranos
Meadow Soprano,The Sopranos
Janice Soprano,The Sopranos
Edward Elric,Fullmetal Alchemist: Brotherhood
Alphonse Elric,Fullmetal Alchemist: Brotherhood
Roy Mustang,Fullmetal Alchemist: Brotherhood
Riza Hawkeye,Fullmetal Alchemist: Brotherhood
Scar,Fullmetal Alchemist: Brotherhood
Denny Brosh,Fullmetal Alchemist: Brotherhood
Stefan Salvatore,The Vampire Diaries
Damon Salvatore,The Vampire Diaries
Bonnie Bennett,The Vampire Diaries
Caroline Forbes,The Vampire Diaries
Matt Donovan,The Vampire Diaries
Elena Gilbert,The Vampire Diaries
Dom Cobb,Inception
Arthur,Inception
Ariadne,Inception
Mal Cobb,Inception
Mr. Saito,Inception
Robert Fischer,Inception
Lagertha,Vikings
Bjorn Lothbrok,Vikings
Floki,Vikings
Torvi,Vikings
Ragnar Lothbrok,Vikings
Rollo Sigurdsson,Vikings
Ivar Ragnarsson,Vikings
Harald Finehair,Vikings
Ubbe Ragnarsson,Vikings
Judith of Northumbria,Vikings
Melinda Monroe,Virgin River
Jack Sheridan,Virgin River
John 'Preacher' Middleton,Virgin River
John Dutton,Yellowstone
Kayce Dutton,Yellowstone
Beth Dutton,Yellowstone
Jamie Dutton,Yellowstone
Rip Wheeler,Yellowstone
Monica Dutton,Yellowstone
Jimmy Hurdstrom,Yellowstone
Thomas Rainwater,Yellowstone
Lloyd,Yellowstone
Colby,Yellowstone
Joe Goldberg,You
Love Quinn,You
Guinevere Beck,You
Steven Hiller,Independence Day
Thomas J. Whitmore,Independence Day
David Levinson,Independence Day
John Diggle,Arrow
Oliver Queen,Arrow
Felicity Smoak,Arrow
Laurel Lance,Arrow
Quentin Lance,Arrow
Thea Queen,Arrow
Roy Harper,Arrow
Rene Ramirez,Arrow
Curtis Holt,Arrow
Malcolm Merlyn,Arrow
Vi,Arcane
Powder,Arcane
Jayce Talis,Arcane
Caitlyn Kiramman,Arcane
Viktor,Arcane
Silco,Arcane
Mel Medarda,Arcane
Cecil B. Heimerdinger,Arcane
Vander,Arcane
Ekko,Arcane
Alina Starkov,Shadow and Bone
Malyen Oretsev,Shadow and Bone
Kaz Brekker,Shadow and Bone
Inej Ghafa,Shadow and Bone
Jesper Fahey,Shadow and Bone
General Kirigan,Shadow and Bone
Cedric Daniels,The Wire
Jimmy McNulty,The Wire
Kima Greggs,The Wire
Lester Freamon,The Wire
Bunk Moreland,The Wire
Thomas 'Herc' Hauk,The Wire
Ellis Carver,The Wire
Reginald 'Bubbles' Cousins,The Wire
William Rawls,The Wire
Roland 'Prez' Pryzbylewski,The Wire
Rhonda Pearlman,The Wire
Omar Little,The Wire
Ervin Burrell,The Wire
Preston 'Bodie' Broadus,The Wire
Russell 'Stringer' Bell,The Wire
Tommy Carcetti,The Wire
Avon Barksdale,The Wire
Chris Partlow,The Wire
Norman Wilson,The Wire
Michael Lee,The Wire
Maurice Levy,The Wire
Beatrice 'Beadie' Russell,The Wire
Dennis 'Cutty' Wise,The Wire
D'Angelo Barksdale,The Wire
Clay Davis,The Wire
Clarence Royce,The Wire
Spiros 'Vondas' Vondopoulos,The Wire
Frank Sobotka,The Wire
Ziggy Sobotka,The Wire
Nick Sobotka,The Wire
Baby,Baby Driver
Doc,Baby Driver
Debora,Baby Driver
Leroy Jethro Gibbs,NCIS
Anthony DiNozzo,NCIS
Abby Sciuto,NCIS
Donald Mallard,NCIS
Timothy McGee,NCIS
Jimmy Palmer,NCIS
Barbie,Barbie
Ken,Barbie
Walter White,Breaking Bad
Skyler White,Breaking Bad
Jesse Pinkman,Breaking Bad
Hank Schrader,Breaking Bad
Marie Schrader,Breaking Bad
Flynn White,Breaking Bad
Saul Goodman,Breaking Bad
Gus Fring,Breaking Bad
Mike Ehrmantraut,Breaking Bad
Jane Margolis,Breaking Bad
John Bender,The Breakfast Club
Claire Standish,The Breakfast Club
Andrew Clark,The Breakfast Club
Brian Johnson,The Breakfast Club
Allison Reynolds,The Breakfast Club
Principal Vernon,The Breakfast Club
Alan Shore,Boston Legal
Denny Crane,Boston Legal
Shirley Schmidt,Boston Legal
Jack Pearson,This Is Us
Rebecca Pearson,This Is Us
Randall Pearson,This Is Us
Kate Pearson,This Is Us
Kevin Pearson,This Is Us
Beth Pearson,This Is Us
Toby Damon,This Is Us
William H. 'Shakespeare' Hill,This Is Us
Miguel Rivas,This Is Us
Sophie,This Is Us
Jason Bourne,The Bourne Identity
Marie Kreutz,The Bourne Identity
Alexander Conklin,The Bourne Identity
Jonas Kahnwald,Dark
Charlotte Doppler,Dark
Martha Nielsen,Dark
Hannah Kahnwald,Dark
Peter Doppler,Dark
Katharina Nielsen,Dark
Mitch Buchannon,Baywatch
Hobie Buchannon,Baywatch
Michael 'Newmie' Newman,Baywatch
C.J. Parker,Baywatch
Garner Ellerbee,Baywatch
Stephanie Holden,Baywatch
Donny Dunn,Baby Reindeer
Martha Scott,Baby Reindeer
Teri,Baby Reindeer
Greggsy,Baby Reindeer
Gino,Baby Reindeer
Nina Sayers,Black Swan
Lily,Black Swan
Thomas Leroy,Black Swan
Donald G. Malarkey,Band of Brothers
Richard D. Winters,Band of Brothers
Lewis Nixon,Band of Brothers
Eugene G. Roe,Band of Brothers
C. Carwood Lipton,Band of Brothers
Darrell C. (Shifty) Powers,Band of Brothers
Billy Costigan,The Departed
Colin Sullivan,The Departed
Frank Costello,The Departed
Sgt. Sean Dignam,The Departed
Capt. Oliver Queenan,The Departed
Dr. Madolyn Madden,The Departed
Dexter Morgan,Dexter
Rita Bennett,Dexter
Debra Morgan,Dexter
James Doakes,Dexter
Maria LaGuerta,Dexter
Angel Batista,Dexter
Harry Morgan,Dexter
Vince Masuka,Dexter
Thomas Matthews,Dexter
Joey Quinn,Dexter
Bella Swan,Twilight
Edward Cullen,Twilight
Jacob Black,Twilight
Charlie Swan,Twilight
Carlisle Cullen,Twilight
Esme Cullen,Twilight
Alice Cullen,Twilight
Emmett Cullen,Twilight
Rosalie Hale,Twilight
Jasper Hale,Twilight
Olivia Benson,Law & Order: SVU
John Munch,Law & Order: SVU
Donald Cragen,Law & Order: SVU
Elliot Stabler,Law & Order: SVU
Odafin Tutuola,Law & Order: SVU
Melinda Warner,Law & Order: SVU
Willy Wonka,Willy Wonka & the Chocolate Factory
Grandpa Joe,Willy Wonka & the Chocolate Factory
Charlie Bucket,Willy Wonka & the Chocolate Factory
Buffy Summers,Buffy the Vampire Slayer
Xander Harris,Buffy the Vampire Slayer
Willow Rosenberg,Buffy the Vampire Slayer
Cordelia Chase,Buffy the Vampire Slayer
Rupert Giles,Buffy the Vampire Slayer
Angel,Buffy the Vampire Slayer
Claire Randall,Outlander
Jamie Fraser,Outlander
Murtagh Fraser,Outlander
Odysseus,The Odyssey
Telemachus,The Odyssey
Penelope,The Odyssey
John B,Outer Banks
Sarah Cameron,Outer Banks
Kiara,Outer Banks
Pope,Outer Banks
JJ,Outer Banks
Topper,Outer Banks
Prairie Johnson,The OA
Homer,The OA
Steve Winchell,The OA
Hunter Aloysius Percy,The OA
Buck Vu,The OA
Rebecca Bunch,Crazy Ex-Girlfriend
Paula Proctor,Crazy Ex-Girlfriend
Josh Chan,Crazy Ex-Girlfriend
Darryl Whitefeather,Crazy Ex-Girlfriend
Heather Davis,Crazy Ex-Girlfriend
Valencia Perez,Crazy Ex-Girlfriend
Seong Gi-hun,Squid Game
Cho Sang-woo,Squid Game
Hwang Jun-ho,Squid Game
Kang Sae-byeok,Squid Game
Oh Il-nam,Squid Game
Han Mi-nyeo,Squid Game
Belle,Beauty and the Beast
Gaston,Beauty and the Beast
Maurice,Beauty and the Beast
Cogsworth,Beauty and the Beast
Lumiere,Beauty and the Beast
Beast,Beauty and the Beast
Ron Weasley,Harry Potter
Harry Potter,Harry Potter
Hermione Granger,Harry Potter
Rubeus Hagrid,Harry Potter
Albus Dumbledore,Harry Potter
Minerva McGonagall,Harry Potter
Severus Snape,Harry Potter
Ginny Weasley,Harry Potter
Luna Lovegood,Harry Potter
Draco Malfoy,Harry Potter
Molly Weasley,Harry Potter
Lord Voldemort,Harry Potter
Cho Chang,Harry Potter
Fleur Delacour,Harry Potter
Viktor Krum,Harry Potter
Filius Flitwick,Harry Potter
Horace Slughorn,Harry Potter
George Weasley,Harry Potter
Alastor Moody,Harry Potter
Remus Lupin,Harry Potter
Arthur Weasley,Harry Potter
Cornelius Fudge,Harry Potter
Dolores Umbridge,Harry Potter
Petunia Dursley,Harry Potter
Moaning Myrtle,Harry Potter
Rita Skeeter,Harry Potter
Dobby,Harry Potter
Bellatrix Lestrange,Harry Potter
Nymphadora Tonks,Harry Potter
Sirius Black,Harry Potter
June Osborne,The Handmaid's Tale
Rita,The Handmaid's Tale
Janine Lindo,The Handmaid's Tale
Nick Blaine,The Handmaid's Tale
Serena Joy Waterford,The Handmaid's Tale
Lucifer Morningstar,Hazbin Hotel
Angel Dust,Hazbin Hotel
Alastor,Hazbin Hotel
Sir Pentious,Hazbin Hotel
Charlie Morningstar,Hazbin Hotel
Phil,The Hangover
Stu,The Hangover
Alan,The Hangover
Nina Locke,Locke & Key
Tyler Locke,Locke & Key
Kinsey Locke,Locke & Key
Janine Teagues,Abbott Elementary
Barbara Howard,Abbott Elementary
Melissa Schemmenti,Abbott Elementary
Gregory Eddie,Abbott Elementary
Ava Coleman,Abbott Elementary
Jacob Hill,Abbott Elementary
Katniss Everdeen,The Hunger Games
Peeta Mellark,The Hunger Games
Haymitch Abernathy,The Hunger Games
Effie Trinket,The Hunger Games
Coriolanus Snow,The Hunger Games
Gale Hawthorne,The Hunger Games
Ser Otto Hightower,House of the Dragon
Prince Daemon Targaryen,House of the Dragon
Ser Harrold Westerling,House of the Dragon
Ser Criston Cole,House of the Dragon
Lord Corlys Velaryon,House of the Dragon
Princess Rhaenys Targaryen,House of the Dragon
Queen Rhaenyra Targaryen,House of the Dragon
Lord Larys Strong,House of the Dragon
Queen Alicent Hightower,House of the Dragon
Prince Aemond Targaryen,House of the Dragon
Hester Prynne,The Scarlet Letter
Amélie Poulain,Amélie
Nino Quincampoix,Amélie
Patrick Jane,The Mentalist
Teresa Lisbon,The Mentalist
Kimball Cho,The Mentalist
Wayne Rigsby,The Mentalist
Grace Van Pelt,The Mentalist
Red John,The Mentalist
Sebastian Wilder,La La Land
Mia Dolan,La La Land
Michaela Stone,Manifest
Ben Stone,Manifest
Jared Vasquez,Manifest
Olive Stone,Manifest
Saanvi Bahl,Manifest
Charlie Kelmeckis,The Perks of Being a Wallflower
Sam Button,The Perks of Being a Wallflower
Patrick Stewart,The Perks of Being a Wallflower
Abbi Abrams,Broad City
Ilana Wexler,Broad City
Lincoln Rice,Broad City
Marcus Miles,Bad Boys
Mike Lowrey,Bad Boys
Neo,The Matrix
Morpheus,The Matrix
Trinity,The Matrix
Agent Smith,The Matrix
Cypher,The Matrix
The Oracle,The Matrix
Marty Byrde,Ozark
Wendy Byrde,Ozark
Charlotte Byrde,Ozark
Jonah Byrde,Ozark
Ruth Langmore,Ozark
Rachel Garrison,Ozark
Roy Petty,Ozark
Jacob Snell,Ozark
Darlene Snell,Ozark
Wyatt Langmore,Ozark
Paul Smecker,The Boondock Saints
Connor MacManus,The Boondock Saints
Murphy MacManus,The Boondock Saints
David Della Rocco,The Boondock Saints
Don Giuseppe 'Papa Joe' Yakavetta,The Boondock Saints
Tugg Speedman,Tropic Thunder
Jeff Portnoy,Tropic Thunder
Kirk Lazarus,Tropic Thunder
Dagny Taggart,Atlas Shrugged
Henry Rearden,Atlas Shrugged
James Taggart,Atlas Shrugged
John Galt,Atlas Shrugged
Ellis Wyatt,Atlas Shrugged
Francisco d'Anconia,Atlas Shrugged
John Michael Dorian,Scrubs
Elliot Reid,Scrubs
Christopher Turk,Scrubs
Bob Kelso,Scrubs
Perry Cox,Scrubs
Carla Espinosa,Scrubs
Vanya Hargreeves,The Umbrella Academy
Luther Hargreeves,The Umbrella Academy
Diego Hargreeves,The Umbrella Academy
Allison Hargreeves,The Umbrella Academy
Klaus Hargreeves,The Umbrella Academy
Ben Hargreeves,The Umbrella Academy
Count Olaf,A Series of Unfortunate Events
Klaus Baudelaire,A Series of Unfortunate Events
Violet Baudelaire,A Series of Unfortunate Events
Logan Roy,Succession
Roman Roy,Succession
Shiv Roy,Succession
Kendall Roy,Succession
Marcia Roy,Succession
Greg Hirsch,Succession
Frank Vernon,Succession
Tom Wambsgans,Succession
Connor Roy,Succession
Lawrence Yee,Succession
Winston Smith,Nineteen Eighty-Four
O'Brien,Nineteen Eighty-Four
Julia,Nineteen Eighty-Four
Harvey Specter,Suits
Louis Litt,Suits
Donna Paulsen,Suits
Mike Ross,Suits
Rachel Zane,Suits
Jessica Pearson,Suits
Nancy Thompson,A Nightmare on Elm Street
Donald Thompson,A Nightmare on Elm Street
Freddy Krueger,A Nightmare on Elm Street
Glen Lantz,A Nightmare on Elm Street
Marge Thompson,A Nightmare on Elm Street
Fern,Nomadland
Benjamin Button,The Curious Case of Benjamin Button
Daisy Fuller,The Curious Case of Benjamin Button
Jess Day,New Girl
Nick Miller,New Girl
Schmidt,New Girl
Cece Parekh,New Girl
Winston Bishop,New Girl
Marianne Sheridan,Normal People
Connell Waldron,Normal People
Sherlock Holmes,Elementary
Joan Watson,Elementary
Marcus Bell,Elementary
Martin Brody,Jaws
Quint,Jaws
Matt Hooper,Jaws
John McClane,Die Hard
Hans Gruber,Die Hard
Holly Gennero-McClane,Die Hard
Joel Barish,Eternal Sunshine of the Spotless Mind
Clementine Kruczynski,Eternal Sunshine of the Spotless Mind
Mary Svevo,Eternal Sunshine of the Spotless Mind
Lord Business,The Lego Movie
Vitruvius,The Lego Movie
Emmet Brickowski,The Lego Movie
Wyldstyle,The Lego Movie
Batman,The Lego Movie
Viola,Twelfth Night
Sebastian,Twelfth Night
Olivia,Twelfth Night
Duke Orsino,Twelfth Night
Malvolio,Twelfth Night
Patty Hewes,Damages
Ellen Parsons,Damages
Tom Shayes,Damages
Jack Dawson,Titanic
Rose DeWitt Bukater,Titanic
Cal Hockley,Titanic
Woody,Toy Story
Buzz Lightyear,Toy Story
Mr. Potato Head,Toy Story
Rex,Toy Story
Bo Peep,Toy Story
Sid Phillips,Toy Story
Dale Cooper,Twin Peaks
Sheriff Truman,Twin Peaks
Shelly Johnson,Twin Peaks
Bobby Briggs,Twin Peaks
Benjamin Horne,Twin Peaks
Audrey Horne,Twin Peaks
Norma Jennings,Twin Peaks
James Hurley,Twin Peaks
Ed Hurley,Twin Peaks
Pete Martell,Twin Peaks
Leland Palmer,Twin Peaks
Josie Packard,Twin Peaks
Catherine Martell,Twin Peaks
Lucy Moran,Twin Peaks
Donna Hayward,Twin Peaks
Noah Calhoun,The Notebook
Allison Hamilton,The Notebook
"Lon Hammond, Jr.",The Notebook
Michael Scott,The Office
Dwight Schrute,The Office
Jim Halpert,The Office
Pam Beesly,The Office
Ryan Howard,The Office
Andy Bernard,The Office
Jan Levinson,The Office
Stanley Hudson,The Office
Kevin Malone,The Office
Meredith Palmer,The Office
Angela Martin,The Office
Phyllis Lapin,The Office
Kelly Kapoor,The Office
Kelly Erin Hannon,The Office
Robert California,The Office
Ted Lasso,Ted Lasso
Rebecca Welton,Ted Lasso
Leslie Higgins,Ted Lasso
Jamie Tartt,Ted Lasso
Roy Kent,Ted Lasso
Coach Beard,Ted Lasso
Nathan Shelley,Ted Lasso
Keeley Jones,Ted Lasso
Dr. Sharon Fieldstone,Ted Lasso
Sam Obisanya,Ted Lasso
Mark Watney,The Martian
Stella Gibson,The Fall
Paul Spector,The Fall
Jim Burns,The Fall
Rust Cohle,True Detective: Season 1
Marty Hart,True Detective: Season 1
Maggie Hart,True Detective: Season 1
Billy Butcher,The Boys
Hughie Campbell,The Boys
Homelander,The Boys
Annie January,The Boys
Queen Maeve,The Boys
A-Train,The Boys
Mother's Milk,The Boys
The Deep,The Boys
Frenchie,The Boys
Kimiko Miyashiro,The Boys
Black Noir,The Boys
Ashley Barrett,The Boys
Madelyn Stillwell,The Boys
Becca Butcher,The Boys
Stormfront,The Boys
Queen Elizabeth II,The Crown
"Philip, Duke of Edinburgh",The Crown
Elizabeth Jennings,The Americans
Philip Jennings,The Americans
Henry Jennings,The Americans
Paige Jennings,The Americans
Stan Beeman,The Americans
Miranda Priestly,The Devil Wears Prada
Andrea Sachs,The Devil Wears Prada
Emily Charlton,The Devil Wears Prada
Lorraine Broughton,Atomic Blonde
Drew Baylor,Elizabethtown
Claire Colburn,Elizabethtown
Michael Bluth,Arrested Development
Lindsay Bluth Funke,Arrested Development
George Oscar 'Gob' Bluth,Arrested Development
George Michael Bluth,Arrested Development
Maeby Funke,Arrested Development
Buster Bluth,Arrested Development
Tobias Funke,Arrested Development
"George Bluth, Sr.",Arrested Development
Oscar Bluth,Arrested Development
Lucille Bluth,Arrested Development
Jack O'Neill,Stargate SG-1
Daniel Jackson,Stargate SG-1
Samantha Carter,Stargate SG-1
Teal'c,Stargate SG-1
George S. Hammond,Stargate SG-1
Janet Fraiser,Stargate SG-1
Alvy Singer,Annie Hall
Annie Hall,Annie Hall
Princess Anna Karenina,Anna Karenina
Count Alexei Karenin,Anna Karenina
Count Alexei Vronsky,Anna Karenina
Princess Darya 'Dolly' Oblonskaya,Anna Karenina
Prince Stepan 'Stiva' Oblonsky,Anna Karenina
Konstantin 'Kostya' Levin,Anna Karenina
Princess Elizaveta 'Betsy' Tverskaya,Anna Karenina
Princess Ekaterina 'Kitty' Shcherbatskaya,Anna Karenina
Countess Vronskaya,Anna Karenina
Countess Lidia Ivanovna,Anna Karenina
T-800,Terminator 2: Judgement Day
Sarah Connor,Terminator 2: Judgement Day
John Connor,Terminator 2: Judgement Day
Aladdin,Aladdin
Genie,Aladdin
Jasmine,Aladdin
James Bond,Tommorrow Never Dies
M,Tommorrow Never Dies
Q,Tommorrow Never Dies
Jean-Luc Picard,Star Trek: The Next Generation
William Riker,Star Trek: The Next Generation
Geordi La Forge,Star Trek: The Next Generation
Tasha Yar,Star Trek: The Next Generation
Worf,Star Trek: The Next Generation
Beverly Crusher,Star Trek: The Next Generation
Deanna Troi,Star Trek: The Next Generation
Wesley Crusher,Star Trek: The Next Generation
Data,Star Trek: The Next Generation
Guinan,Star Trek: The Next Generation
Eren Jaeger,Attack on Titan
Armin Arlert,Attack on Titan
Mikasa Ackermann,Attack on Titan
Jean Kirschtein,Attack on Titan
Connie Springer,Attack on Titan
Hange Zoe,Attack on Titan
Levi Ackermann,Attack on Titan
Sasha Braus,Attack on Titan
Erwin Smith,Attack on Titan
Reiner Braun,Attack on Titan
Sun Bak,Sense8
Nomi Marks,Sense8
Kala Dandekar,Sense8
Riley Blue,Sense8
Wolfgang Bogdanow,Sense8
Lito Rodriguez,Sense8
Will Gorski,Sense8
Angelica Turing,Sense8
Amanita Caplan,Sense8
Hernando Fuentes,Sense8
